date,campaign_id,campaign_name,spend,impressions,clicks,reach,results,purchase_value,adsets_count,ads_count,ctr,cpc,cpm,roas,result_rate,delta_spend_pct,delta_results_pct,checkout_initiations,checkout_rate
2026-03-10,,(F1) TESTE DE CRIATIVO 1-5-1 07/11 (ABO) = R$6/D = 7 DIAS,0.0,0,0,0,0.0,0.0,1,1,0.0,0.0,0.0,0.0,0.0,,,,
2026-03-10,,(F3) [V04] ESCALA 1-1-1 |P.01| 05/11 (CBO) = 247/DIA,0.0,0,0,0,0.0,0.0,1,1,0.0,0.0,0.0,0.0,0.0,,,,
2026-03-10,,(F3) [V04] ESCALA 1-1-1 |P.02| 05/11 (ABO) = 247/DIA,0.0,0,0,0,0.0,0.0,1,1,0.0,0.0,0.0,0.0,0.0,,,,
2026-03-10,,(F3) [V10] ESCALA 1-1-1 |P.01| 05/11 (ABO) = 50/DIA,0.0,0,0,0,0.0,0.0,1,1,0.0,0.0,0.0,0.0,0.0,,,,
2026-03-10,,(F3) [V10] ESCALA 1-1-1 |P.01| 05/11 (ABO) = 50/DIA — Cópia,0.0,0,0,0,0.0,0.0,1,1,0.0,0.0,0.0,0.0,0.0,,,,
2026-03-10,,ASC LLA 1%+ (247),0.0,0,0,0,0.0,0.0,1,1,0.0,0.0,0.0,0.0,0.0,,,,
2026-03-10,,ASC LLA 2%+ (247),0.0,0,0,0,0.0,0.0,1,1,0.0,0.0,0.0,0.0,0.0,,,,
2026-03-10,,ASC PÚBLICO SALVO PB 01 (247),0.0,0,0,0,0.0,0.0,1,1,0.0,0.0,0.0,0.0,0.0,,,,
2026-03-10,,F0 -  [V04] (VLS A/B) 1-1-1,0.0,0,0,0,0.0,0.0,1,1,0.0,0.0,0.0,0.0,0.0,,,,
2026-03-10,,F0 - 01 ESCALA DIÁRIA {PB. 01 OPEN} (CBO) 1-1-1,0.0,0,0,0,0.0,0.0,1,1,0.0,0.0,0.0,0.0,0.0,,,,
2026-03-10,,F0 - 02 ESCALA DIÁRIA {PB. 01 OPEN} (CBO) 1-1-1 — Cópia,0.0,0,0,0,0.0,0.0,1,1,0.0,0.0,0.0,0.0,0.0,,,,
2026-03-10,,F0 - 03 ESCALA DIÁRIA {PB. 01 OPEN} (CBO) 1-1-1,0.0,0,0,0,0.0,0.0,1,1,0.0,0.0,0.0,0.0,0.0,,,,
2026-03-10,,F0 - 04 ESCALA DIÁRIA {PB. 01 OPEN} (CBO) 1-1-1,0.0,0,0,0,0.0,0.0,1,1,0.0,0.0,0.0,0.0,0.0,,,,
2026-03-10,,F0 - 05 ESCALA DIÁRIA {PB. 01 OPEN} (CBO) 1-1-1,0.0,0,0,0,0.0,0.0,1,1,0.0,0.0,0.0,0.0,0.0,,,,
2026-03-10,,F0 - 06 ESCALA DIÁRIA 33-44 {PB. 01 OPEN} (CBO) 1-1-1,0.0,0,0,0,0.0,0.0,1,1,0.0,0.0,0.0,0.0,0.0,,,,
2026-03-10,,F0 - 07 ESCALA DIÁRIA {PB. 01 OPEN} (CBO) 1-1-1,0.0,0,0,0,0.0,0.0,1,1,0.0,0.0,0.0,0.0,0.0,,,,
2026-03-10,,F0 - ENGAJAMENTO REELS (MANYCHAT),0.0,0,0,0,0.0,0.0,1,1,0.0,0.0,0.0,0.0,0.0,,,,
2026-03-10,,F0-  [V35] TESTE DE PUBLICO 1-3-1 (ABO),0.0,0,0,0,0.0,0.0,1,1,0.0,0.0,0.0,0.0,0.0,,,,
2026-03-10,,F1 -  OPEN ADV+ CREATIVE TEST (1-1-X),0.0,0,0,0,0.0,0.0,1,1,0.0,0.0,0.0,0.0,0.0,,,,
2026-03-10,,F1 - ASC [SCALING] -LLA 1% (247),0.0,0,0,0,0.0,0.0,1,1,0.0,0.0,0.0,0.0,0.0,,,,
2026-03-10,,F1 - CREATIVE TEST (1-1-X),0.0,0,0,0,0.0,0.0,1,1,0.0,0.0,0.0,0.0,0.0,,,,
2026-03-10,,F1 - [IMAGE STORIES TEST] 01/10 (ABO) 1-5-1,0.0,0,0,0,0.0,0.0,1,1,0.0,0.0,0.0,0.0,0.0,,,,
2026-03-10,,F1 - [IMAGE STORIES TEST] 01/10 (ABO) 1-5-1 — Cópia,0.0,0,0,0,0.0,0.0,1,1,0.0,0.0,0.0,0.0,0.0,,,,
2026-03-10,,F1 - [NEW CRIATIVOS ] INSTA 20 - 45 11/10 (ABO) 1-5-1,0.0,0,0,0,0.0,0.0,1,1,0.0,0.0,0.0,0.0,0.0,,,,
2026-03-10,,F1 - [V13] TESTE CRIATIVO (1-10-1),0.0,0,0,0,0.0,0.0,1,1,0.0,0.0,0.0,0.0,0.0,,,,
2026-03-10,,F1 - [V16] VSL 1 - TESTE CRIATIVO — Cópia,0.0,0,0,0,0.0,0.0,1,1,0.0,0.0,0.0,0.0,0.0,,,,
2026-03-10,,F1 - [V16] VSL 2 - TESTE CRIATIVO,0.0,0,0,0,0.0,0.0,1,1,0.0,0.0,0.0,0.0,0.0,,,,
2026-03-10,,F1 - [VX ] ESTEIRA DE CRIATIVOS (01) 1-X-1 | OPEN | VSL 2 | ABO,0.0,0,0,0,0.0,0.0,1,1,0.0,0.0,0.0,0.0,0.0,,,,
2026-03-10,,F1.5 - [RMKT] ESTEIRA DE CRIATIVOS (01) 1-3-X,0.0,0,0,0,0.0,0.0,1,1,0.0,0.0,0.0,0.0,0.0,,,,
2026-03-10,,F2 -   H 25-44 (1-1-3),0.0,0,0,0,0.0,0.0,1,1,0.0,0.0,0.0,0.0,0.0,,,,
2026-03-10,,F2 -   H 25-44 (1-3-1),0.0,0,0,0,0.0,0.0,1,1,0.0,0.0,0.0,0.0,0.0,,,,
2026-03-10,,F2 -  CBO TEST LAL 1%,0.0,0,0,0,0.0,0.0,1,1,0.0,0.0,0.0,0.0,0.0,,,,
2026-03-10,,F2 -  CBO TEST [M 22 -45],0.0,0,0,0,0.0,0.0,1,1,0.0,0.0,0.0,0.0,0.0,,,,
2026-03-10,,F2 -  [V04] LP TESTE PÚBLICO  (CBO) 1-3-3,0.0,0,0,0,0.0,0.0,1,1,0.0,0.0,0.0,0.0,0.0,,,,
2026-03-10,,F2 -  [V04] VSL 01 TESTE PÚBLICO  (CBO) 1-3-3,0.0,0,0,0,0.0,0.0,1,1,0.0,0.0,0.0,0.0,0.0,,,,
2026-03-10,,F2 -  [V04] VSL 02 TESTE PÚBLICO  (CBO) 1-3-3,0.0,0,0,0,0.0,0.0,1,1,0.0,0.0,0.0,0.0,0.0,,,,
2026-03-10,,F2 -  [V04] VSL 02 TESTE PÚBLICO  (CBO) 1-3-3 — Cópia,0.0,0,0,0,0.0,0.0,1,1,0.0,0.0,0.0,0.0,0.0,,,,
2026-03-10,,F2 -  [V04] VSL 02 TESTE PÚBLICO  (CBO) 1-3-3 — Cópia — Cópia,0.0,0,0,0,0.0,0.0,1,1,0.0,0.0,0.0,0.0,0.0,,,,
2026-03-10,,F2 -  [V04] VSL 02 TESTE PÚBLICO  (CBO) 1-3-3 — Cópia — Cópia — Cópia,0.0,0,0,0,0.0,0.0,1,1,0.0,0.0,0.0,0.0,0.0,,,,
2026-03-10,,F2 -  [V04] VSL 02 TESTE PÚBLICO  (CBO) 1-3-3 — Cópia — Cópia — Cópia — Cópia,0.0,0,0,0,0.0,0.0,1,1,0.0,0.0,0.0,0.0,0.0,,,,
2026-03-10,,F2 -  [V04] VSL 02 TESTE PÚBLICO  (CBO) 1-3-3 — Cópia — Cópia — Cópia — Cópia — Cópia,0.0,0,0,0,0.0,0.0,1,1,0.0,0.0,0.0,0.0,0.0,,,,
2026-03-10,,F2 -  [V20] H 25-44 (1-1-1),0.0,0,0,0,0.0,0.0,1,1,0.0,0.0,0.0,0.0,0.0,,,,
2026-03-10,,F2 -  [V20] H 25-44 (1-1-4),0.0,0,0,0,0.0,0.0,1,1,0.0,0.0,0.0,0.0,0.0,,,,
2026-03-10,,F2 -  [V20] H 25-44 (1-3-1),0.0,0,0,0,0.0,0.0,1,1,0.0,0.0,0.0,0.0,0.0,,,,
2026-03-10,,F2 -  [V34] H 25-44 (1-1-1),0.0,0,0,0,0.0,0.0,1,1,0.0,0.0,0.0,0.0,0.0,,,,
2026-03-10,,F2 -  [V34] TESTE DE PUBLICO 1-3-1 (ABO) — Cópia,0.0,0,0,0,0.0,0.0,1,1,0.0,0.0,0.0,0.0,0.0,,,,
2026-03-10,,F2 -  [V35 +V34] TESTE DE PUBLICO 1-2-1 (CBO),0.0,0,0,0,0.0,0.0,1,1,0.0,0.0,0.0,0.0,0.0,,,,
2026-03-10,,F2 - CBO [V22 ] TESTE DE PUBLICOS (01) 1-X-1  VSL 2,0.0,0,0,0,0.0,0.0,1,1,0.0,0.0,0.0,0.0,0.0,,,,
2026-03-10,,F2 - ZONA DE VALIDAÇÃO DE CRIATIVO (ABO) 1-10-3 (FIXA),0.0,0,0,0,0.0,0.0,1,1,0.0,0.0,0.0,0.0,0.0,,,,
2026-03-10,,F2 - [V04] VSL TESTE PÚBLICO  (CBO) 1-3-1,0.0,0,0,0,0.0,0.0,1,1,0.0,0.0,0.0,0.0,0.0,,,,
2026-03-10,,F2 - [V10] VSL 2 - TESTE PUBLICO,0.0,0,0,0,0.0,0.0,1,1,0.0,0.0,0.0,0.0,0.0,,,,
2026-03-10,,F2 - [V12] VSL TESTE PÚBLICO  (CBO) 1-3-1 — Cópia,0.0,0,0,0,0.0,0.0,1,1,0.0,0.0,0.0,0.0,0.0,,,,
2026-03-10,,F2 - [V22 ] TESTE DE PUBLICOS (01) 1-X-1  VSL 2  ABO,0.0,0,0,0,0.0,0.0,1,1,0.0,0.0,0.0,0.0,0.0,,,,
2026-03-10,,F2 - [V38] TESTE DE PUBLICOS (OPEN) 1-1-1  VSL 2 — Cópia,0.0,0,0,0,0.0,0.0,1,1,0.0,0.0,0.0,0.0,0.0,,,,
2026-03-10,,F2 - [V44] TESTE DE PUBLICOS (LAL 1%) 1-1-1  VSL 2,0.0,0,0,0,0.0,0.0,1,1,0.0,0.0,0.0,0.0,0.0,,,,
2026-03-10,,F2 - [V44] TESTE DE PUBLICOS (PB.01) 1-1-1  VSL 2,0.0,0,0,0,0.0,0.0,1,1,0.0,0.0,0.0,0.0,0.0,,,,
2026-03-10,,F2 - [VX] TESTE DE PUBLICOS  1-X-1  VSL 2,0.0,0,0,0,0.0,0.0,1,1,0.0,0.0,0.0,0.0,0.0,,,,
2026-03-10,,F2- TESTE CONTÍNUO 14/10 (CBO) 1-3-2,0.0,0,0,0,0.0,0.0,1,1,0.0,0.0,0.0,0.0,0.0,,,,
2026-03-10,,F2.02 -  [V04] VSL 02 TESTE PÚBLICO  (CBO) 1-3-3 — Cópia,0.0,0,0,0,0.0,0.0,1,1,0.0,0.0,0.0,0.0,0.0,,,,
2026-03-10,,F2.03 -  [V04] VSL 02 TESTE PÚBLICO  (CBO) 1-3-3 — Cópia — Cópia — Cópia,0.0,0,0,0,0.0,0.0,1,1,0.0,0.0,0.0,0.0,0.0,,,,
2026-03-10,,F2.04 -  [V04] VSL 02 TESTE PÚBLICO  (CBO) 1-3-3 — Cópia — Cópia,0.0,0,0,0,0.0,0.0,1,1,0.0,0.0,0.0,0.0,0.0,,,,
2026-03-10,,F3 -  1-1-3 |22-45 INSTA| VSL2 (ABO) =,0.0,0,0,0,0.0,0.0,1,1,0.0,0.0,0.0,0.0,0.0,,,,
2026-03-10,,F3 -  LAL 1% (1-1-X),0.0,0,0,0,0.0,0.0,1,1,0.0,0.0,0.0,0.0,0.0,,,,
2026-03-10,,F3 -  OPEN 22-45 HM - INSTA (1-1-X),0.0,0,0,0,0.0,0.0,1,1,0.0,0.0,0.0,0.0,0.0,,,,
2026-03-10,,F3 -  [H 22-45 - INSTA] (1-1-X),0.0,0,0,0,0.0,0.0,1,1,0.0,0.0,0.0,0.0,0.0,,,,
2026-03-10,,F3 -  [I07] ESCALA 1-1-1 |22-45 INSTA| VSL2 (ABO),0.0,0,0,0,0.0,0.0,1,1,0.0,0.0,0.0,0.0,0.0,,,,
2026-03-10,,F3 -  [V02 - V09] Advantage+  Campanha,0.0,0,0,0,0.0,0.0,1,1,0.0,0.0,0.0,0.0,0.0,,,,
2026-03-10,,F3 -  [V04] ESCALA 1-1-1 |22-45 INSTA| VSL2 (ABO) = 50/DIA,0.0,0,0,0,0.0,0.0,1,1,0.0,0.0,0.0,0.0,0.0,,,,
2026-03-10,,F3 -  [V04] ESCALA 1-1-1 |22-45 INSTA| VSL2 (ABO) = 50/DIA — Cópia,0.0,0,0,0,0.0,0.0,1,1,0.0,0.0,0.0,0.0,0.0,,,,
2026-03-10,,F3 -  [V04] ESCALA 1-1-1 |22-45 INSTA| VSL2 (ABO) = — Cópia — Cópia,0.0,0,0,0,0.0,0.0,1,1,0.0,0.0,0.0,0.0,0.0,,,,
2026-03-10,,F3 -  [V04] ESCALA 1-1-1 |P.01| VSL2 (ABO) = 50/DIA,0.0,0,0,0,0.0,0.0,1,1,0.0,0.0,0.0,0.0,0.0,,,,
2026-03-10,,F3 -  [V09] ESCALA 1-1-1 |22-45 INSTA| VSL2 (ABO) =,0.0,0,0,0,0.0,0.0,1,1,0.0,0.0,0.0,0.0,0.0,,,,
2026-03-10,,F3 -  [V10 - V19] Advantage+   Campanha,0.0,0,0,0,0.0,0.0,1,1,0.0,0.0,0.0,0.0,0.0,,,,
2026-03-10,,F3 -  [V10] ESCALA 1-1-1 |22-45 INSTA| VSL2 (ABO) = 50/DIA — Cópia,0.0,0,0,0,0.0,0.0,1,1,0.0,0.0,0.0,0.0,0.0,,,,
2026-03-10,,F3 -  [V10] ESCALA 1-1-1 |22-45 INSTA| VSL2 (ABO) = 50/DIA — Cópia — Cópia,0.0,0,0,0,0.0,0.0,1,1,0.0,0.0,0.0,0.0,0.0,,,,
2026-03-10,,F3 -  [V10] ESCALA 1-1-1 |LLA 5%INSTA| VSL2 (ABO),0.0,0,0,0,0.0,0.0,1,1,0.0,0.0,0.0,0.0,0.0,,,,
2026-03-10,,F3 -  [V14] ESCALA 1-1-1 |22-45 INSTA| VSL2 (ABO) 497,0.0,0,0,0,0.0,0.0,1,1,0.0,0.0,0.0,0.0,0.0,,,,
2026-03-10,,F3 -  [V14] ESCALA 1-1-1 |22-45 INSTA| VSL2 (ABO) = 497 — Cópia,0.0,0,0,0,0.0,0.0,1,1,0.0,0.0,0.0,0.0,0.0,,,,
2026-03-10,,F3 -  [V15] ESCALA 1-1-1 |22-45 INSTA| VSL2 (ABO) = 50/DIA — Cópia,0.0,0,0,0,0.0,0.0,1,1,0.0,0.0,0.0,0.0,0.0,,,,
2026-03-10,,F3 -  [V15] ESCALA 1-1-1 |22-45 INSTA| VSL2 (ABO) = 50/DIA — Cópia — Cópia,0.0,0,0,0,0.0,0.0,1,1,0.0,0.0,0.0,0.0,0.0,,,,
2026-03-10,,F3 -  [V15] ESCALA 1-1-1 |25-34INSTA| VSL2 (ABO) = 50/DIA —,0.0,0,0,0,0.0,0.0,1,1,0.0,0.0,0.0,0.0,0.0,,,,
2026-03-10,,F3 -  [V16] ESCALA 1-1-1 |22-45 INSTA| VSL2 (ABO) = 497,0.0,0,0,0,0.0,0.0,1,1,0.0,0.0,0.0,0.0,0.0,,,,
2026-03-10,,F3 -  [V17] ESCALA 1-1-1 |22-45 INSTA| VSL2 (ABO) = — Cópia,0.0,0,0,0,0.0,0.0,1,1,0.0,0.0,0.0,0.0,0.0,,,,
2026-03-10,,F3 -  [V19] ESCALA 1-1-1 |22-45 INSTA| VSL2 (ABO) = 497,0.0,0,0,0,0.0,0.0,1,1,0.0,0.0,0.0,0.0,0.0,,,,
2026-03-10,,F3 -  [V20- V29] Advantage+  Campanha,0.0,0,0,0,0.0,0.0,1,1,0.0,0.0,0.0,0.0,0.0,,,,
2026-03-10,,F3 -  [V20] - LAL 1% - INSTA+FACE (1-1-1),0.0,0,0,0,0.0,0.0,1,1,0.0,0.0,0.0,0.0,0.0,,,,
2026-03-10,,F3 -  [V20] Advantage+  Campanha,0.0,0,0,0,0.0,0.0,1,1,0.0,0.0,0.0,0.0,0.0,,,,
2026-03-10,,F3 -  [V20] ESCALA 1-1-1 |22-34INSTA| VSL2 (CBO) =,0.0,0,0,0,0.0,0.0,1,1,0.0,0.0,0.0,0.0,0.0,,,,
2026-03-10,,F3 -  [V20] ESCALA 1-1-1 |22-35 INSTA| VSL2 (ABO) =,0.0,0,0,0,0.0,0.0,1,1,0.0,0.0,0.0,0.0,0.0,,,,
2026-03-10,,F3 -  [V20] ESCALA 1-1-1 |22-45 INSTA ALL|,0.0,0,0,0,0.0,0.0,1,1,0.0,0.0,0.0,0.0,0.0,,,,
2026-03-10,,F3 -  [V20] ESCALA 1-1-1 |22-45 INSTA ALL| 2,0.0,0,0,0,0.0,0.0,1,1,0.0,0.0,0.0,0.0,0.0,,,,
2026-03-10,,F3 -  [V20] ESCALA 1-1-1 |22-45 INSTA FEED|,0.0,0,0,0,0.0,0.0,1,1,0.0,0.0,0.0,0.0,0.0,,,,
2026-03-10,,F3 -  [V20] ESCALA 1-1-1 |22-45 INSTA REELS|,0.0,0,0,0,0.0,0.0,1,1,0.0,0.0,0.0,0.0,0.0,,,,
2026-03-10,,F3 -  [V20] ESCALA 1-1-1 |22-45 INSTA STOR|,0.0,0,0,0,0.0,0.0,1,1,0.0,0.0,0.0,0.0,0.0,,,,
2026-03-10,,F3 -  [V20] ESCALA 1-1-1 |22-45 INSTA| VSL2 (ABO) 497,0.0,0,0,0,0.0,0.0,1,1,0.0,0.0,0.0,0.0,0.0,,,,
2026-03-10,,F3 -  [V20] ESCALA 1-1-1 |22-45 INSTA| VSL2 (ABO) =,0.0,0,0,0,0.0,0.0,1,1,0.0,0.0,0.0,0.0,0.0,,,,
2026-03-10,,F3 -  [V20] ESCALA 1-1-1 |22-45 INSTA| VSL2 (ABO) = — Cópia,0.0,0,0,0,0.0,0.0,1,1,0.0,0.0,0.0,0.0,0.0,,,,
2026-03-10,,F3 -  [V20] ESCALA 1-1-1 |22-45 INSTA| VSL2 (ABO) = — Cópia — Cópia,0.0,0,0,0,0.0,0.0,1,1,0.0,0.0,0.0,0.0,0.0,,,,
2026-03-10,,F3 -  [V20] ESCALA 1-1-1 |22-45 INSTA| VSL2 (ABO) = — Cópia — Cópia — Cópia,0.0,0,0,0,0.0,0.0,1,1,0.0,0.0,0.0,0.0,0.0,,,,
2026-03-10,,F3 -  [V20] ESCALA 1-1-1 |24-44INSTA| VSL2 ESCALA 1,0.0,0,0,0,0.0,0.0,1,1,0.0,0.0,0.0,0.0,0.0,,,,
2026-03-10,,F3 -  [V20] ESCALA 1-1-1 |24-44INSTA| VSL2 ESCALA 1 — Cópia,0.0,0,0,0,0.0,0.0,1,1,0.0,0.0,0.0,0.0,0.0,,,,
2026-03-10,,F3 -  [V20] ESCALA 1-1-1 |LAL 1%,0.0,0,0,0,0.0,0.0,1,1,0.0,0.0,0.0,0.0,0.0,,,,
2026-03-10,,F3 -  [V20] ESCALA 1-1-4 |22-45 INSTA| VSL2 (ABO) = 495,0.0,0,0,0,0.0,0.0,1,1,0.0,0.0,0.0,0.0,0.0,,,,
2026-03-10,,F3 -  [V20] ESCALA 1-1-4 |LAL 1%,0.0,0,0,0,0.0,0.0,1,1,0.0,0.0,0.0,0.0,0.0,,,,
2026-03-10,,F3 -  [V20] ESCALA 1-1-6 |LAL 1% — Cópia,0.0,0,0,0,0.0,0.0,1,1,0.0,0.0,0.0,0.0,0.0,,,,
2026-03-10,,F3 -  [V20] ESCALA 1-3-1 |22-45 INSTA| VSL2 (ABO) = 495,0.0,0,0,0,0.0,0.0,1,1,0.0,0.0,0.0,0.0,0.0,,,,
2026-03-10,,F3 -  [V20] H 22 - 45 - INSTA+ FACE (1-1-1),0.0,0,0,0,0.0,0.0,1,1,0.0,0.0,0.0,0.0,0.0,,,,
2026-03-10,,F3 -  [V20] LAL 1%,0.0,0,0,0,0.0,0.0,1,1,0.0,0.0,0.0,0.0,0.0,,,,
2026-03-10,,F3 -  [V20] LAL 1% (1-1-1),0.0,0,0,0,0.0,0.0,1,1,0.0,0.0,0.0,0.0,0.0,,,,
2026-03-10,,F3 -  [V20] ML 22-45 (1-1-1),0.0,0,0,0,0.0,0.0,1,1,0.0,0.0,0.0,0.0,0.0,,,,
2026-03-10,,F3 -  [V20] OPEN 22-45 - INSTA (1-1-1),0.0,0,0,0,0.0,0.0,1,1,0.0,0.0,0.0,0.0,0.0,,,,
2026-03-10,,F3 -  [V22] Advantage+  Campanha  Campanha,0.0,0,0,0,0.0,0.0,1,1,0.0,0.0,0.0,0.0,0.0,,,,
2026-03-10,,F3 -  [V23] ESCALA 1-1-1 |22-45 INSTA| VSL2 (ABO) =,0.0,0,0,0,0.0,0.0,1,1,0.0,0.0,0.0,0.0,0.0,,,,
2026-03-10,,F3 -  [V23] LAL 1%,0.0,0,0,0,0.0,0.0,1,1,0.0,0.0,0.0,0.0,0.0,,,,
2026-03-10,,F3 -  [V26] ESCALA 1-1-1 |22-45 INSTA| VSL2,0.0,0,0,0,0.0,0.0,1,1,0.0,0.0,0.0,0.0,0.0,,,,
2026-03-10,,F3 -  [V29] 25-44 HM - INSTA+FACE (1-1-1),0.0,0,0,0,0.0,0.0,1,1,0.0,0.0,0.0,0.0,0.0,,,,
2026-03-10,,F3 -  [V29] 25-44 HM - INSTA+FACE (1-1-1) — Cópia,0.0,0,0,0,0.0,0.0,1,1,0.0,0.0,0.0,0.0,0.0,,,,
2026-03-10,,F3 -  [V29] LAL 5% (1-1-1),0.0,0,0,0,0.0,0.0,1,1,0.0,0.0,0.0,0.0,0.0,,,,
2026-03-10,,F3 -  [V30- V39] Advantage+ Campanha,0.0,0,0,0,0.0,0.0,1,1,0.0,0.0,0.0,0.0,0.0,,,,
2026-03-10,,F3 -  [V34] ESCALA 1-1-1 |22-45 INSTA| VSL2,0.0,0,0,0,0.0,0.0,1,1,0.0,0.0,0.0,0.0,0.0,,,,
2026-03-10,,F3 -  [V34] ESCALA 1-1-1 |22-45 INSTA| VSL2 (ABO) = — Cópia,0.0,0,0,0,0.0,0.0,1,1,0.0,0.0,0.0,0.0,0.0,,,,
2026-03-10,,F3 -  [V34] ESCALA 1-1-1 |22-45 INSTA| VSL2 — Cópia,0.0,0,0,0,0.0,0.0,1,1,0.0,0.0,0.0,0.0,0.0,,,,
2026-03-10,,F3 -  [V34] ESCALA 1-1-1 |22-45 INSTA| VSL2 — Cópia — Cópia,0.0,0,0,0,0.0,0.0,1,1,0.0,0.0,0.0,0.0,0.0,,,,
2026-03-10,,F3 -  [V35] ESCALA 1-1-1 |22-45 INSTA| VSL2 (ABO) =,0.0,0,0,0,0.0,0.0,1,1,0.0,0.0,0.0,0.0,0.0,,,,
2026-03-10,,F3 -  [V37] ESCALA 1-1-1 |22-45 INSTA| VSL2,0.0,0,0,0,0.0,0.0,1,1,0.0,0.0,0.0,0.0,0.0,,,,
2026-03-10,,F3 -  [V38] - LAL 1% (1-1-1),0.0,0,0,0,0.0,0.0,1,1,0.0,0.0,0.0,0.0,0.0,,,,
2026-03-10,,F3 -  [V38] H 22 - 45 - INSTA (1-1-1),0.0,0,0,0,0.0,0.0,1,1,0.0,0.0,0.0,0.0,0.0,,,,
2026-03-10,,F3 -  [V39] OPEN 25 - 44  (1-1-1),0.0,0,0,0,0.0,0.0,1,1,0.0,0.0,0.0,0.0,0.0,,,,
2026-03-10,,F3 -  [V40] ESCALA 1-1-1 |22-45 INSTA| VSL2,0.0,0,0,0,0.0,0.0,1,1,0.0,0.0,0.0,0.0,0.0,,,,
2026-03-10,,F3 -  [V41] ESCALA 1-1-1 |22-45 INSTA| VSL2 (ABO) = — Cópia,0.0,0,0,0,0.0,0.0,1,1,0.0,0.0,0.0,0.0,0.0,,,,
2026-03-10,,F3 -  [V49] Advantage+  Campanha Campanha,0.0,0,0,0,0.0,0.0,1,1,0.0,0.0,0.0,0.0,0.0,,,,
2026-03-10,,F3 -  [V58] Advantage+  Campanha Campanha Campanha,0.0,0,0,0,0.0,0.0,1,1,0.0,0.0,0.0,0.0,0.0,,,,
2026-03-10,,F3 -  [V70 - V79] Advantage+  Campanha,0.0,0,0,0,0.0,0.0,1,1,0.0,0.0,0.0,0.0,0.0,,,,
2026-03-10,,F3 -  [V90 - V99] Advantage+ Campanha,0.0,0,0,0,0.0,0.0,1,1,0.0,0.0,0.0,0.0,0.0,,,,
2026-03-10,,F3 -  [VX] Advantage+  [V60-V69] Campanha,0.0,0,0,0,0.0,0.0,1,1,0.0,0.0,0.0,0.0,0.0,,,,
2026-03-10,,F3 - LAL 2% - 3% (1-1-1),0.0,0,0,0,0.0,0.0,1,1,0.0,0.0,0.0,0.0,0.0,,,,
2026-03-10,,F3 - ZONA DE FORMAÇÃO DO PÚBLICO (ABO) 1-5-1 (FIXA),0.0,0,0,0,0.0,0.0,1,1,0.0,0.0,0.0,0.0,0.0,,,,
2026-03-10,,F3 - ZONA DE FORMAÇÃO DO PÚBLICO 2 (ABO) 1-5-1,0.0,0,0,0,0.0,0.0,1,1,0.0,0.0,0.0,0.0,0.0,,,,
2026-03-10,,F3 - [35] ESCALA HORIZONTAL (01) 1-1-1 | OPEN | VSL 2 | CBO,0.0,0,0,0,0.0,0.0,1,1,0.0,0.0,0.0,0.0,0.0,,,,
2026-03-10,,"F3 - [V2,V3,V4] 01/10 (ABO) 1-1-3",0.0,0,0,0,0.0,0.0,1,1,0.0,0.0,0.0,0.0,0.0,,,,
2026-03-10,,F3 - [V20]  LAL 2%  INSTA+ FACE (1-1-1),0.0,0,0,0,0.0,0.0,1,1,0.0,0.0,0.0,0.0,0.0,,,,
2026-03-10,,F3 - [V22] ESCALA HORIZONTAL (01) 1-1-1 | OPEN | VSL 2 | CBO — Cópia,0.0,0,0,0,0.0,0.0,1,1,0.0,0.0,0.0,0.0,0.0,,,,
2026-03-10,,F3 - [V22] ESCALA HORIZONTAL (02) 1-1-1 | PB-01| VSL 2 | CBO,0.0,0,0,0,0.0,0.0,1,1,0.0,0.0,0.0,0.0,0.0,,,,
2026-03-10,,F3 - [V38]  LAL 2% (1-1-1),0.0,0,0,0,0.0,0.0,1,1,0.0,0.0,0.0,0.0,0.0,,,,
2026-03-10,,F3 - [V44] TESTE DE PUBLICOS (OPEN) 1-1-1  VSL 2,0.0,0,0,0,0.0,0.0,1,1,0.0,0.0,0.0,0.0,0.0,,,,
2026-03-10,,F4 -  [V20] T1 - VALIDAÇÃO DE PUBLICO (CBO) 1-3-1,0.0,0,0,0,0.0,0.0,1,1,0.0,0.0,0.0,0.0,0.0,,,,
2026-03-10,,F4 -  [V38] T1 - VALIDAÇÃO DE PUBLICO (CBO) 1-3-1 — Cópia,0.0,0,0,0,0.0,0.0,1,1,0.0,0.0,0.0,0.0,0.0,,,,
2026-03-10,,F4 - VALIDAÇÃO DO PÚBLICO {PB. 01 OPEN} (CBO) 1-3-3,0.0,0,0,0,0.0,0.0,1,1,0.0,0.0,0.0,0.0,0.0,,,,
2026-03-10,,F4 - VALIDAÇÃO DO PÚBLICO {PB. 01 OPEN} (CBO) 1-3-3 — Cópia,0.0,0,0,0,0.0,0.0,1,1,0.0,0.0,0.0,0.0,0.0,,,,
2026-03-10,,F4 - [VX] ESCALA PUBLICO (PB-01) 1-X-1- | 22-45 INSTA | VSL 2 | ABO,0.0,0,0,0,0.0,0.0,1,1,0.0,0.0,0.0,0.0,0.0,,,,
2026-03-10,,F5 - ZONA DE ESCALA FIXA (ABO) 1-7-1,0.0,0,0,0,0.0,0.0,1,1,0.0,0.0,0.0,0.0,0.0,,,,
2026-03-10,,F5 - [VX] NOVOS PUBLICOS 1-X-1 | VSL 2 | CBO,0.0,0,0,0,0.0,0.0,1,1,0.0,0.0,0.0,0.0,0.0,,,,
2026-03-10,,F6 - [V04] 01 ESCALA VERTICAL PÚBLICO (CBO) 1-3-1,0.0,0,0,0,0.0,0.0,1,1,0.0,0.0,0.0,0.0,0.0,,,,
2026-03-10,,F6 - [V04] 01 ESCALA VERTICAL PÚBLICO (CBO) 1-3-1 — Cópia,0.0,0,0,0,0.0,0.0,1,1,0.0,0.0,0.0,0.0,0.0,,,,
2026-03-10,,F6 - [V04] 01 ESCALA VERTICAL PÚBLICO (CBO) 1-3-1 — Cópia — Cópia,0.0,0,0,0,0.0,0.0,1,1,0.0,0.0,0.0,0.0,0.0,,,,
2026-03-10,,F6 - [V04] 02 ESCALA VERTICAL PÚBLICO (CBO) 1-3-1,0.0,0,0,0,0.0,0.0,1,1,0.0,0.0,0.0,0.0,0.0,,,,
2026-03-10,,F7 - 02 ESCALA VERTICAL CRIATIVO (CBO) 1-3-1,0.0,0,0,0,0.0,0.0,1,1,0.0,0.0,0.0,0.0,0.0,,,,
2026-03-10,,F7 - ESCALA VERTICAL CRIATIVO [PB.02]  (INSTAGRAM HOMEM 25-45)  (CBO) 1-5-1,0.0,0,0,0,0.0,0.0,1,1,0.0,0.0,0.0,0.0,0.0,,,,
2026-03-10,,F7 - [V09] 10/10 (CBO) 1-1-3 [R$98],0.0,0,0,0,0.0,0.0,1,1,0.0,0.0,0.0,0.0,0.0,,,,
2026-03-10,,F9 - [C02] 02/09 (CBO) 1-1-3 — Cópia,0.0,0,0,0,0.0,0.0,1,1,0.0,0.0,0.0,0.0,0.0,,,,
2026-03-10,,F9 - [C02] 28/09 (CBO) 1-1-3,0.0,0,0,0,0.0,0.0,1,1,0.0,0.0,0.0,0.0,0.0,,,,
2026-03-10,,F9 - [C03] 21/09 (CBO) 1-1-3,0.0,0,0,0,0.0,0.0,1,1,0.0,0.0,0.0,0.0,0.0,,,,
2026-03-10,,F9 - [C04] 02/10 (CBO) 1-1-3 — Cópia — Cópia,0.0,0,0,0,0.0,0.0,1,1,0.0,0.0,0.0,0.0,0.0,,,,
2026-03-10,,F9 - [C04] 02/10 (CBO) 1-1-3 — Cópia — Cópia — Cópia,0.0,0,0,0,0.0,0.0,1,1,0.0,0.0,0.0,0.0,0.0,,,,
2026-03-10,,F9 - [C04] 03/10 (CBO) 1-1-1,0.0,0,0,0,0.0,0.0,1,1,0.0,0.0,0.0,0.0,0.0,,,,
2026-03-10,,F9 - [C04] 03/10 (CBO) 1-1-3,0.0,0,0,0,0.0,0.0,1,1,0.0,0.0,0.0,0.0,0.0,,,,
2026-03-10,,F9 - [C04] 21/09 (CBO) 1-1-3,0.0,0,0,0,0.0,0.0,1,1,0.0,0.0,0.0,0.0,0.0,,,,
2026-03-10,,F9 - [C04] 21/09 (CBO) 1-1-3 — Cópia,0.0,0,0,0,0.0,0.0,1,1,0.0,0.0,0.0,0.0,0.0,,,,
2026-03-10,,F9 - [C04] 21/09 (CBO) 1-1-3 — Cópia — Cópia,0.0,0,0,0,0.0,0.0,1,1,0.0,0.0,0.0,0.0,0.0,,,,
2026-03-10,,F9 - [I8] 09/10 (CBO) 1-1-3,0.0,0,0,0,0.0,0.0,1,1,0.0,0.0,0.0,0.0,0.0,,,,
2026-03-10,,F9 - [V05] 12/10 (CBO) 1-1-3,0.0,0,0,0,0.0,0.0,1,1,0.0,0.0,0.0,0.0,0.0,,,,
2026-03-10,,FX - [VX ]  Advantage+ Campanha — 2 Campanha,0.0,0,0,0,0.0,0.0,1,1,0.0,0.0,0.0,0.0,0.0,,,,
2026-03-10,,FX- 1-1-X [IMAGE] (ADVANCED+) Campanha,0.0,0,0,0,0.0,0.0,1,1,0.0,0.0,0.0,0.0,0.0,,,,
2026-03-10,,H1 (INTELIGENTE) ADV+ | V22,0.0,0,0,0,0.0,0.0,1,1,0.0,0.0,0.0,0.0,0.0,,,,
2026-03-10,,H1 (INTELIGENTE) ADV+ | V49,0.0,0,0,0,0.0,0.0,1,1,0.0,0.0,0.0,0.0,0.0,,,,
2026-03-10,,H1 (INTELIGENTE) ADV+ | V58,0.0,0,0,0,0.0,0.0,1,1,0.0,0.0,0.0,0.0,0.0,,,,
2026-03-10,,H1 (INTELIGENTE) ADV+ | V95,0.0,0,0,0,0.0,0.0,1,1,0.0,0.0,0.0,0.0,0.0,,,,
2026-03-10,,H2 (LLA 1%) | V22,0.0,0,0,0,0.0,0.0,1,1,0.0,0.0,0.0,0.0,0.0,,,,
2026-03-10,,H2 (LLA 1%) | V58,0.0,0,0,0,0.0,0.0,1,1,0.0,0.0,0.0,0.0,0.0,,,,
2026-03-10,,H3 (SEGMT. 01) | V22,0.0,0,0,0,0.0,0.0,1,1,0.0,0.0,0.0,0.0,0.0,,,,
2026-03-10,,H3 (SEGMT. 01) | V58,0.0,0,0,0,0.0,0.0,1,1,0.0,0.0,0.0,0.0,0.0,,,,
2026-03-10,,RUBENS,0.0,0,0,0,0.0,0.0,1,1,0.0,0.0,0.0,0.0,0.0,,,,
2026-03-10,,VTEST - TICKET 247 - PITCH10 MIN Campanha,0.0,0,0,0,0.0,0.0,1,1,0.0,0.0,0.0,0.0,0.0,,,,
2026-03-10,,[00] BIBLIOTECA DE CRIATIVOS,0.0,0,0,0,0.0,0.0,1,1,0.0,0.0,0.0,0.0,0.0,,,,
2026-03-10,,[00] ZONA DE ESCALA (ABO),0.0,0,0,0,0.0,0.0,1,1,0.0,0.0,0.0,0.0,0.0,,,,
2026-03-10,,[00] ZONA DE ESCALA (CBO),0.0,0,0,0,0.0,0.0,1,1,0.0,0.0,0.0,0.0,0.0,,,,
2026-03-10,,[00] ZONA DE ESCALA VERTICAL,0.0,0,0,0,0.0,0.0,1,1,0.0,0.0,0.0,0.0,0.0,,,,
2026-03-10,,[00] ZONA DE ESTABILIDADE - REMARKETING,0.0,0,0,0,0.0,0.0,1,1,0.0,0.0,0.0,0.0,0.0,,,,
2026-03-10,,[00] ZONA DE ESTABILIDADE - REMARKETING TRAFFIC,0.0,0,0,0,0.0,0.0,1,1,0.0,0.0,0.0,0.0,0.0,,,,
2026-03-10,,[00] ZONA DE FORMAÇÃO (COMPRA),0.0,0,0,0,0.0,0.0,1,1,0.0,0.0,0.0,0.0,0.0,,,,
2026-03-10,,[01] BOF WARM (PURCHASE),0.0,0,0,0,0.0,0.0,1,1,0.0,0.0,0.0,0.0,0.0,,,,
2026-03-10,,[01] STABILITY ZONE C,0.0,0,0,0,0.0,0.0,1,1,0.0,0.0,0.0,0.0,0.0,,,,
2026-03-10,,[01] STABILITY ZONE IC Campanha,0.0,0,0,0,0.0,0.0,1,1,0.0,0.0,0.0,0.0,0.0,,,,
2026-03-10,,[02] FORMATION ZONE C,0.0,0,0,0,0.0,0.0,1,1,0.0,0.0,0.0,0.0,0.0,,,,
2026-03-10,,[02] FORMATION ZONE IC — Cópia,0.0,0,0,0,0.0,0.0,1,1,0.0,0.0,0.0,0.0,0.0,,,,
2026-03-10,,"[03/01/26] [LVC] [F] [AUTO] [VENDAS] [ADV+] [VSL B] [R$ 197,00] [5]",0.0,0,0,0,0.0,0.0,1,1,0.0,0.0,0.0,0.0,0.0,,,,
2026-03-10,,"[03/01/26] [MDA] [F] [AUTO] [VENDAS] [ADV+] [VSL A] [R$ 197,00] [5]",0.0,0,0,0,0.0,0.0,1,1,0.0,0.0,0.0,0.0,0.0,,,,
2026-03-10,,"[03/01/26] [MDA] [F] [AUTO] [VENDAS] [ADV+] [VSL C] [R$ 197,00] [5]",0.0,0,0,0,0.0,0.0,1,1,0.0,0.0,0.0,0.0,0.0,,,,
2026-03-10,,"[03/03/26] [MDA] [F] [AUTO] [VENDAS] [ADV+] [VSL C] [R$ 197,00] [ABO] [AD178] [8]",0.0,0,0,0,0.0,0.0,1,1,0.0,0.0,0.0,0.0,0.0,,,,
2026-03-10,,"[03/03/26] [MDA] [F] [AUTO] [VENDAS] [ADV+] [VSL C] [R$ 197,00] [CBO] [AD150] [7]",0.0,0,0,0,0.0,0.0,1,1,0.0,0.0,0.0,0.0,0.0,,,,
2026-03-10,,"[03/12/25] [MDA] [F] [AUTO] [VENDAS] [LKL COMPRADORES] [VSL A] [PIXEL ANTIGO] [R$ 347,00] [2]",0.0,0,0,0,0.0,0.0,1,1,0.0,0.0,0.0,0.0,0.0,,,,
2026-03-10,,[03] SCALE ZONE C,0.0,0,0,0,0.0,0.0,1,1,0.0,0.0,0.0,0.0,0.0,,,,
2026-03-10,,[03] SCALE ZONE C — Cópia,0.0,0,0,0,0.0,0.0,1,1,0.0,0.0,0.0,0.0,0.0,,,,
2026-03-10,,[04/08/25] [MDA] [F] [AUTO] [VENDAS] [F2] [VALIDAÇÃO] [AD117] [197],0.0,0,0,0,0.0,0.0,1,1,0.0,0.0,0.0,0.0,0.0,,,,
2026-03-10,,[04] FORMATION ZONE C,0.0,0,0,0,0.0,0.0,1,1,0.0,0.0,0.0,0.0,0.0,,,,
2026-03-10,,[05] FORMATION ZONE C — Cópia,0.0,0,0,0,0.0,0.0,1,1,0.0,0.0,0.0,0.0,0.0,,,,
2026-03-10,,"[06/01/26] [LVC] [F] [AUTO] [VENDAS] [ABERTO] [VSL B] [R$ 197,00] [5]",0.0,0,0,0,0.0,0.0,1,1,0.0,0.0,0.0,0.0,0.0,,,,
2026-03-10,,"[06/01/26] [LVC] [F] [AUTO] [VENDAS] [LKL PQ 365D] [VSL B] [R$ 197,00] [5]",0.0,0,0,0,0.0,0.0,1,1,0.0,0.0,0.0,0.0,0.0,,,,
2026-03-10,,"[06/02/26] [LVC] [F] [AUTO] [VENDAS] [ADV+] [VSL B] [R$ 197,00] [5]",0.0,0,0,0,0.0,0.0,1,1,0.0,0.0,0.0,0.0,0.0,,,,
2026-03-10,,"[06/02/26] [MDA] [F] [AUTO] [VENDAS] [ADV+] [VSL C] [R$ 197,00] [5]",0.0,0,0,0,0.0,0.0,1,1,0.0,0.0,0.0,0.0,0.0,,,,
2026-03-10,,[06/10/25] [MDA] [Q] [AUTO] [VENDAS] [REMARKETING],0.0,0,0,0,0.0,0.0,1,1,0.0,0.0,0.0,0.0,0.0,,,,
2026-03-10,,[06] FORMATION ZONE C,0.0,0,0,0,0.0,0.0,1,1,0.0,0.0,0.0,0.0,0.0,,,,
2026-03-10,,[06] FORMATION ZONE C — Cópia — Cópia,0.0,0,0,0,0.0,0.0,1,1,0.0,0.0,0.0,0.0,0.0,,,,
2026-03-10,,[06] SCALE ZONE,0.0,0,0,0,0.0,0.0,1,1,0.0,0.0,0.0,0.0,0.0,,,,
2026-03-10,,[06] SCALE ZONE [PUBLICO + POSICIONAMENTO],0.0,0,0,0,0.0,0.0,1,1,0.0,0.0,0.0,0.0,0.0,,,,
2026-03-10,,[06] SCALE ZONE [PUBLICO + POSICIONAMENTO] — Cópia,0.0,0,0,0,0.0,0.0,1,1,0.0,0.0,0.0,0.0,0.0,,,,
2026-03-10,,[07/08/25] [MDA] [F] [AUTO] [VENDAS] [F1] [1] [ESCALA H] [AD87],0.0,0,0,0,0.0,0.0,1,1,0.0,0.0,0.0,0.0,0.0,,,,
2026-03-10,,[07/08/25] [MDA] [F] [AUTO] [VENDAS] [F4] [ARENA 197/247] [AD117],0.0,0,0,0,0.0,0.0,1,1,0.0,0.0,0.0,0.0,0.0,,,,
2026-03-10,,[07/08/25] [MDA] [F] [AUTO] [VENDAS] [F4] [ARENA 197/247] [AD87],0.0,0,0,0,0.0,0.0,1,1,0.0,0.0,0.0,0.0,0.0,,,,
2026-03-10,,[07/11/24] [MDA] [Q] [AUTO] [VENDAS] [REMARKETING] [KIWIFY],0.0,0,0,0,0.0,0.0,1,1,0.0,0.0,0.0,0.0,0.0,,,,
2026-03-10,,[07] SCALE ZONE 2,0.0,0,0,0,0.0,0.0,1,1,0.0,0.0,0.0,0.0,0.0,,,,
2026-03-10,,"[08/03/26] [MDA] [F] [AUTO] [VENDAS] [ADV+] [VSL A] [R$ 197,00] [CBO] [BC] [9]",0.94,19,0,18,0.0,0.0,1,1,0.0,0.0,49.4737,0.0,0.0,,,,
2026-03-10,,"[08/03/26] [MDA] [F] [AUTO] [VENDAS] [ADV+] [VSL C] [R$ 197,00] [CBO] [AD150] [6]",0.0,0,0,0,0.0,0.0,1,1,0.0,0.0,0.0,0.0,0.0,,,,
2026-03-10,,"[08/03/26] [MDA] [F] [AUTO] [VENDAS] [ADV+] [VSL C] [R$ 197,00] [CBO] [AD194] [6]",0.0,0,0,0,0.0,0.0,1,1,0.0,0.0,0.0,0.0,0.0,,,,
2026-03-10,,"[08/03/26] [MDA] [Q] [AUTO] [VENDAS] [REMARKETING] [VSL C] [R$ 197,00] [CBO] [AD182] [6]",51.89,708,7,596,0.0,0.0,1,1,0.9887,7.4129,73.291,0.0,0.0,,,,
2026-03-10,,"[08/12/25] [MDA] [F] [AUTO] [VENDAS] [ADV+] [VSL C] [PIXEL ANTIGO] [R$ 347,00] [1]",0.0,0,0,0,0.0,0.0,1,1,0.0,0.0,0.0,0.0,0.0,,,,
2026-03-10,,[08] STABILITY ZONE — BOF,0.0,0,0,0,0.0,0.0,1,1,0.0,0.0,0.0,0.0,0.0,,,,
2026-03-10,,"[09/12/25] [MDA] [F] [AUTO] [VENDAS] [ADV+] [VSL C] [R$ 347,00] [1]",0.0,0,0,0,0.0,0.0,1,1,0.0,0.0,0.0,0.0,0.0,,,,
2026-03-10,,[09] SCALE ZONE 3,0.0,0,0,0,0.0,0.0,1,1,0.0,0.0,0.0,0.0,0.0,,,,
2026-03-10,,"[10/03/26] [MDA] [F] [AUTO] [VENDAS] [ADV+] [VSL A] [R$ 197,00] [CBO] [AD17] [6]",1765.99,46360,479,32033,5.0,0.0,1,1,1.0332,3.6868,38.093,0.0,0.000108,,,,
2026-03-10,,[10/06/25] [MDA] [F] [AUTO] [VENDAS] [F3] [2] [TESTE DE CRIATIVOS],0.0,0,0,0,0.0,0.0,1,1,0.0,0.0,0.0,0.0,0.0,,,,
2026-03-10,,[10] TEST ZONE [PUBLICOS/CRIATIVOS],0.0,0,0,0,0.0,0.0,1,1,0.0,0.0,0.0,0.0,0.0,,,,
2026-03-10,,[11/08/25] [MDA] [F] [AUTO] [VENDAS] [F4] [ARENA 197],0.0,0,0,0,0.0,0.0,1,1,0.0,0.0,0.0,0.0,0.0,,,,
2026-03-10,,"[11/11/25] [MDA] [F] [AUTO] [VENDAS] [ADV+] [VSL A] [R$ 397,00] [1]",0.0,0,0,0,0.0,0.0,1,1,0.0,0.0,0.0,0.0,0.0,,,,
2026-03-10,,"[11/11/25] [MDA] [F] [AUTO] [VENDAS] [ADV+] [VSL C] [R$ 397,00] [1]",0.0,0,0,0,0.0,0.0,1,1,0.0,0.0,0.0,0.0,0.0,,,,
2026-03-10,,"[11/11/25] [MDA] [F] [AUTO] [VENDAS] [LKL COMPRADORES] [VSL A] [R$ 397,00] [1]",0.0,0,0,0,0.0,0.0,1,1,0.0,0.0,0.0,0.0,0.0,,,,
2026-03-10,,"[11/11/25] [MDA] [F] [AUTO] [VENDAS] [LKL COMPRADORES] [VSL C] [R$ 397,00] [1]",0.0,0,0,0,0.0,0.0,1,1,0.0,0.0,0.0,0.0,0.0,,,,
2026-03-10,,"[11/11/25] [MDA] [F] [AUTO] [VENDAS] [MIX PÚBLICOS] [VSL A] [R$ 397,00] [2]",0.0,0,0,0,0.0,0.0,1,1,0.0,0.0,0.0,0.0,0.0,,,,
2026-03-10,,"[11/11/25] [MDA] [F] [AUTO] [VENDAS] [MIX PÚBLICOS] [VSL C] [R$ 397,00] [2]",0.0,0,0,0,0.0,0.0,1,1,0.0,0.0,0.0,0.0,0.0,,,,
2026-03-10,,[11] TEST ZONE [PUBLICOS/CRIATIVOS],0.0,0,0,0,0.0,0.0,1,1,0.0,0.0,0.0,0.0,0.0,,,,
2026-03-10,,"[12/02/26] [MDA] [F] [AUTO] [VENDAS] [ADV+] [VSL A] [R$ 197,00] [6]",0.0,0,0,0,0.0,0.0,1,1,0.0,0.0,0.0,0.0,0.0,,,,
2026-03-10,,"[12/02/26] [MDA] [F] [AUTO] [VENDAS] [ADV+] [VSL C] [R$ 197,00] [6]",0.0,0,0,0,0.0,0.0,1,1,0.0,0.0,0.0,0.0,0.0,,,,
2026-03-10,,"[12/02/26] [MDA] [F] [AUTO] [VENDAS] [ADV+] [VSL C] [R$ 197,00] [CBO] [6]",0.0,0,0,0,0.0,0.0,1,1,0.0,0.0,0.0,0.0,0.0,,,,
2026-03-10,,"[12/03/26] [MDA] [F] [AUTO] [VENDAS] [ADV+] [VSL A] [R$ 197,00] [CBO] [ESCALA] [6]",1714.51,52611,523,34705,11.0,0.0,1,1,0.9941,3.2782,32.5884,0.0,0.000209,,,,
2026-03-10,,"[12/03/26] [MDA] [Q] [AUTO] [VENDAS] [REMARKETING] [VSL C] [R$ 197,00] [CBO] [ESCALA] [6]",1126.53,46275,332,25675,6.0,0.0,1,1,0.7175,3.3932,24.3442,0.0,0.00013,,,,
2026-03-10,,[12] SCALE ZONE — ADVANTAGE,0.0,0,0,0,0.0,0.0,1,1,0.0,0.0,0.0,0.0,0.0,,,,
2026-03-10,,"[13/12/25] [MDA] [F] [AUTO] [VENDAS] [ADV+] [VSL A] [R$ 197,00] [1]",0.0,0,0,0,0.0,0.0,1,1,0.0,0.0,0.0,0.0,0.0,,,,
2026-03-10,,"[13/12/25] [MDA] [F] [AUTO] [VENDAS] [ADV+] [VSL C] [R$ 197,00] [1]",288.34,8276,82,6474,2.0,0.0,1,1,0.9908,3.5163,34.8405,0.0,0.000242,,,,
2026-03-10,,"[13/12/25] [MDA] [Q] [AUTO] [VENDAS] [REMARKETING] [VSL A] [R$ 197,00] [1]",1268.74,18370,217,6729,6.0,0.0,1,1,1.1813,5.8467,69.0659,0.0,0.000327,,,,
2026-03-10,,"[13/12/25] [MDA] [Q] [AUTO] [VENDAS] [REMARKETING] [VSL C] [R$ 197,00] [1]",1520.13,23488,269,7686,13.0,0.0,1,1,1.1453,5.651,64.7194,0.0,0.000553,,,,
2026-03-10,,[13] [TESTE] ESCALA PUBLICO,0.0,0,0,0,0.0,0.0,1,1,0.0,0.0,0.0,0.0,0.0,,,,
2026-03-10,,[14] SCALE ZONE — [ESCALA AGRESSIVA] 1,0.0,0,0,0,0.0,0.0,1,1,0.0,0.0,0.0,0.0,0.0,,,,
2026-03-10,,[15] SCALE ZONE [PUBLICO + ABERTO],0.0,0,0,0,0.0,0.0,1,1,0.0,0.0,0.0,0.0,0.0,,,,
2026-03-10,,[15] SCALE ZONE — Cópia,0.0,0,0,0,0.0,0.0,1,1,0.0,0.0,0.0,0.0,0.0,,,,
2026-03-10,,[16/10/25] [MDA] [F] [AUTO] [VENDAS] [LKL COMPRADORES] [VSL B] [2],0.0,0,0,0,0.0,0.0,1,1,0.0,0.0,0.0,0.0,0.0,,,,
2026-03-10,,"[16/12/25] [LVC] [Q] [AUTO] [VENDAS] [REMARKETING] [VSL B] [R$ 197,00] [1]",0.0,0,0,0,0.0,0.0,1,1,0.0,0.0,0.0,0.0,0.0,,,,
2026-03-10,,[16] TEST ZONE PLR MILLION [PUBLICO],0.0,0,0,0,0.0,0.0,1,1,0.0,0.0,0.0,0.0,0.0,,,,
2026-03-10,,[16] TEST ZONE PLR MILLION [PUBLICO] — Cópia,0.0,0,0,0,0.0,0.0,1,1,0.0,0.0,0.0,0.0,0.0,,,,
2026-03-10,,[17/10/25] [MDA] [F] [AUTO] [VENDAS] [MIX PÚBLICOS] [VSL B] [NOVO PIXEL] [4],0.0,0,0,0,0.0,0.0,1,1,0.0,0.0,0.0,0.0,0.0,,,,
2026-03-10,,[17/10/25] [MDA] [F] [AUTO] [VENDAS] [MIX PÚBLICOS] [VSL B] [OLD PIXEL] [4],0.0,0,0,0,0.0,0.0,1,1,0.0,0.0,0.0,0.0,0.0,,,,
2026-03-10,,"[17/11/25] [LVC] [Q] [AUTO] [VENDAS] [REMARKETING] [VSL B] [R$ 197,00] [1]",0.0,0,0,0,0.0,0.0,1,1,0.0,0.0,0.0,0.0,0.0,,,,
2026-03-10,,"[17/11/25] [MDA] [F] [AUTO] [VENDAS] [ADV+] [VSL A] [R$ 347,00] [1]",0.0,0,0,0,0.0,0.0,1,1,0.0,0.0,0.0,0.0,0.0,,,,
2026-03-10,,"[17/11/25] [MDA] [F] [AUTO] [VENDAS] [ADV+] [VSL A] [R$ 397,00] [1] - PIXEL ERRADO",0.0,0,0,0,0.0,0.0,1,1,0.0,0.0,0.0,0.0,0.0,,,,
2026-03-10,,"[17/11/25] [MDA] [F] [AUTO] [VENDAS] [ADV+] [VSL C] [R$ 397,00] [1]",0.0,0,0,0,0.0,0.0,1,1,0.0,0.0,0.0,0.0,0.0,,,,
2026-03-10,,"[17/11/25] [MDA] [F] [AUTO] [VENDAS] [ADV+] [VSL C] [R$ 397,00] [1] - PIXEL ERRADO",0.0,0,0,0,0.0,0.0,1,1,0.0,0.0,0.0,0.0,0.0,,,,
2026-03-10,,"[17/11/25] [MDA] [F] [AUTO] [VENDAS] [LKL COMPRADORES] [VSL A] [R$ 397,00] [1]",0.0,0,0,0,0.0,0.0,1,1,0.0,0.0,0.0,0.0,0.0,,,,
2026-03-10,,"[17/11/25] [MDA] [F] [AUTO] [VENDAS] [LKL COMPRADORES] [VSL A] [R$ 397,00] [1] - PIXEL ERRADO",0.0,0,0,0,0.0,0.0,1,1,0.0,0.0,0.0,0.0,0.0,,,,
2026-03-10,,"[17/11/25] [MDA] [F] [AUTO] [VENDAS] [LKL COMPRADORES] [VSL C] [R$ 397,00] [1]",0.0,0,0,0,0.0,0.0,1,1,0.0,0.0,0.0,0.0,0.0,,,,
2026-03-10,,"[17/11/25] [MDA] [F] [AUTO] [VENDAS] [LKL COMPRADORES] [VSL C] [R$ 397,00] [1] - PIXEL ERRADO",0.0,0,0,0,0.0,0.0,1,1,0.0,0.0,0.0,0.0,0.0,,,,
2026-03-10,,"[17/11/25] [MDA] [Q] [AUTO] [VENDAS] [REMARKETING] [PÁGINA HOME] [R$ 197,00] [1]",0.0,0,0,0,0.0,0.0,1,1,0.0,0.0,0.0,0.0,0.0,,,,
2026-03-10,,"[17/11/25] [MDA] [Q] [AUTO] [VENDAS] [REMARKETING] [VSL A] [R$ 397,00] [1] - PIXEL ERRADO",0.0,0,0,0,0.0,0.0,1,1,0.0,0.0,0.0,0.0,0.0,,,,
2026-03-10,,"[17/11/25] [MDA] [Q] [AUTO] [VENDAS] [REMARKETING] [VSL C] [R$ 197,00] [1] - PIXEL ERRADO",0.0,0,0,0,0.0,0.0,1,1,0.0,0.0,0.0,0.0,0.0,,,,
2026-03-10,,[17] TEST ZONE PLR FLIX [PUBLICO],0.0,0,0,0,0.0,0.0,1,1,0.0,0.0,0.0,0.0,0.0,,,,
2026-03-10,,"[18/11/25] [LVC] [F] [AUTO] [VENDAS] [ADV+] [VSL B] [R$ 197,00] [1]",0.0,0,0,0,0.0,0.0,1,1,0.0,0.0,0.0,0.0,0.0,,,,
2026-03-10,,"[18/11/25] [LVC] [F] [AUTO] [VENDAS] [LKL COMPRADORES] [VSL B] [R$ 197,00] [1]",0.0,0,0,0,0.0,0.0,1,1,0.0,0.0,0.0,0.0,0.0,,,,
2026-03-10,,"[18/11/25] [MDA] [Q] [AUTO] [VENDAS] [REMARKETING] [VSL A] [R$ 197,00] [1]",0.0,0,0,0,0.0,0.0,1,1,0.0,0.0,0.0,0.0,0.0,,,,
2026-03-10,,"[18/11/25] [MDA] [Q] [AUTO] [VENDAS] [REMARKETING] [VSL C] [R$ 197,00] [1]",0.0,0,0,0,0.0,0.0,1,1,0.0,0.0,0.0,0.0,0.0,,,,
2026-03-10,,"[18/12/25] [LVC] [F] [AUTO] [VENDAS] [LKL COMPRADORES] [VSL B] [R$ 197,00] [2]",0.0,0,0,0,0.0,0.0,1,1,0.0,0.0,0.0,0.0,0.0,,,,
2026-03-10,,[18] TEST ZONE PLR MILLION [PUBLICO] — Cópia,0.0,0,0,0,0.0,0.0,1,1,0.0,0.0,0.0,0.0,0.0,,,,
2026-03-10,,"[19/02/26] [LVC] [F] [AUTO] [VENDAS] [ADV+] [VSL B] [R$ 197,00] [5]",0.0,0,0,0,0.0,0.0,1,1,0.0,0.0,0.0,0.0,0.0,,,,
2026-03-10,,"[19/12/25] [MDA] [F] [AUTO] [VENDAS] [LKL COMPRADORES] [VSL A] [R$ 197,00] [2]",0.0,0,0,0,0.0,0.0,1,1,0.0,0.0,0.0,0.0,0.0,,,,
2026-03-10,,"[19/12/25] [MDA] [F] [AUTO] [VENDAS] [LKL COMPRADORES] [VSL C] [R$ 197,00] [2]",0.0,0,0,0,0.0,0.0,1,1,0.0,0.0,0.0,0.0,0.0,,,,
2026-03-10,,[19] TEST ZONE PLR MILLION [PUBLICO],0.0,0,0,0,0.0,0.0,1,1,0.0,0.0,0.0,0.0,0.0,,,,
2026-03-10,,[20/10/25] [MDA] [F] [AUTO] [VENDAS] [LKL COMPRADORES] [VSL B] [TESTE DE CRIATIVO] [OLD PIXEL] [1],0.0,0,0,0,0.0,0.0,1,1,0.0,0.0,0.0,0.0,0.0,,,,
2026-03-10,,"[20/11/25] [MDA] [F] [AUTO] [VENDAS] [LKL 2% COMPRADORES] [VSL A] [R$ 397,00] [1]",0.0,0,0,0,0.0,0.0,1,1,0.0,0.0,0.0,0.0,0.0,,,,
2026-03-10,,"[20/11/25] [MDA] [F] [AUTO] [VENDAS] [LKL 2% COMPRADORES] [VSL C] [R$ 397,00] [1]",0.0,0,0,0,0.0,0.0,1,1,0.0,0.0,0.0,0.0,0.0,,,,
2026-03-10,,[20] TEST ZONE PLR MILLION [PUBLICO] — Cópia,0.0,0,0,0,0.0,0.0,1,1,0.0,0.0,0.0,0.0,0.0,,,,
2026-03-10,,"[21/02/26] [MDA] [F] [AUTO] [VENDAS] [ADV+] [VSL A] [R$ 197,00] [ABO] [AD188] [6]",0.0,0,0,0,0.0,0.0,1,1,0.0,0.0,0.0,0.0,0.0,,,,
2026-03-10,,"[21/02/26] [MDA] [F] [AUTO] [VENDAS] [ADV+] [VSL A] [R$ 197,00] [CBO] [AD188] [6]",1857.6,100604,616,76047,8.0,0.0,1,1,0.6123,3.0156,18.4645,0.0,8e-05,,,,
2026-03-10,,"[22/12/25] [LVC] [F] [AUTO] [VENDAS] [MIX PÚBLICOS] [VSL B] [R$ 197,00] [4]",0.0,0,0,0,0.0,0.0,1,1,0.0,0.0,0.0,0.0,0.0,,,,
2026-03-10,,"[22/12/25] [MDA] [F] [AUTO] [VENDAS] [MIX PÚBLICOS] [VSL A] [R$ 197,00] [4]",0.0,0,0,0,0.0,0.0,1,1,0.0,0.0,0.0,0.0,0.0,,,,
2026-03-10,,"[22/12/25] [MDA] [F] [AUTO] [VENDAS] [MIX PÚBLICOS] [VSL C] [R$ 197,00] [4]",184.8,11233,68,9547,3.0,0.0,1,1,0.6054,2.7176,16.4515,0.0,0.000267,,,,
2026-03-10,,"[23/11/25] [LVC] [F] [AUTO] [VENDAS] [MIX PÚBLICOS] [VSL B] [R$ 197,00] [2]",0.0,0,0,0,0.0,0.0,1,1,0.0,0.0,0.0,0.0,0.0,,,,
2026-03-10,,"[24/01/25] [MDA] [Q] [AUTO] [VENDAS] [REMARKETING] [VSL A] [R$ 197,00] [5]",0.0,0,0,0,0.0,0.0,1,1,0.0,0.0,0.0,0.0,0.0,,,,
2026-03-10,,"[24/01/25] [MDA] [Q] [AUTO] [VENDAS] [REMARKETING] [VSL C] [R$ 197,00] [5]",0.0,0,0,0,0.0,0.0,1,1,0.0,0.0,0.0,0.0,0.0,,,,
2026-03-10,,"[24/02/26] [MDA] [F] [AUTO] [VENDAS] [ADV+] [VSL A] [R$ 197,00] [1]",4496.66,130879,1192,49966,26.0,0.0,1,1,0.9108,3.7724,34.3574,0.0,0.000199,,,,
2026-03-10,,"[24/02/26] [MDA] [F] [AUTO] [VENDAS] [ADV+] [VSL A] [R$ 197,00] [ABO] [AD13] [6]",0.0,0,0,0,0.0,0.0,1,1,0.0,0.0,0.0,0.0,0.0,,,,
2026-03-10,,"[24/02/26] [MDA] [F] [AUTO] [VENDAS] [ADV+] [VSL A] [R$ 197,00] [ABO] [AD14] [6]",0.0,0,0,0,0.0,0.0,1,1,0.0,0.0,0.0,0.0,0.0,,,,
2026-03-10,,"[24/11/25] [MDA] [F] [AUTO] [VENDAS] [ADV+] [VSL A] [PIXEL ANTIGO] [R$ 347,00] [3]",0.0,0,0,0,0.0,0.0,1,1,0.0,0.0,0.0,0.0,0.0,,,,
2026-03-10,,"[24/11/25] [MDA] [F] [AUTO] [VENDAS] [ADV+] [VSL A] [R$ 247,00] [1]",0.0,0,0,0,0.0,0.0,1,1,0.0,0.0,0.0,0.0,0.0,,,,
2026-03-10,,"[24/11/25] [MDA] [F] [AUTO] [VENDAS] [ADV+] [VSL C] [PIXEL ANTIGO] [R$ 397,00] [3]",0.0,0,0,0,0.0,0.0,1,1,0.0,0.0,0.0,0.0,0.0,,,,
2026-03-10,,"[25/11/25] [MDA] [F] [AUTO] [VENDAS] [ADV+] [VSL A] [PIXEL ANTIGO] [R$ 347,00] [1]",0.0,0,0,0,0.0,0.0,1,1,0.0,0.0,0.0,0.0,0.0,,,,
2026-03-10,,"[25/11/25] [MDA] [F] [AUTO] [VENDAS] [ADV+] [VSL C] [PIXEL ANTIGO] [R$ 347,00] [1]",0.0,0,0,0,0.0,0.0,1,1,0.0,0.0,0.0,0.0,0.0,,,,
2026-03-10,,"[25/11/25] [MDA] [F] [AUTO] [VENDAS] [ADV+] [VSL C] [PIXEL ANTIGO] [R$ 397,00] [1]",0.0,0,0,0,0.0,0.0,1,1,0.0,0.0,0.0,0.0,0.0,,,,
2026-03-10,,[26/07/25] [MDA] [F] [AUTO] [VENDAS] [F2] [VALIDAÇÃO] [AD87] [197],0.0,0,0,0,0.0,0.0,1,1,0.0,0.0,0.0,0.0,0.0,,,,
2026-03-10,,[26/09/25] [MDA] [F] [AUTO] [VENDAS] [F3] [2] [TESTE DE CRIATIVOS] [VSL A],0.0,0,0,0,0.0,0.0,1,1,0.0,0.0,0.0,0.0,0.0,,,,
2026-03-10,,[26/09/25] [MDA] [F] [AUTO] [VENDAS] [F3] [2] [TESTE DE CRIATIVOS] [VSL B],0.0,0,0,0,0.0,0.0,1,1,0.0,0.0,0.0,0.0,0.0,,,,
2026-03-10,,[29/07/25] [MDA] [F] [AUTO] [VENDAS] [F4] [ARENA 197] [MAX CONV],0.0,0,0,0,0.0,0.0,1,1,0.0,0.0,0.0,0.0,0.0,,,,
2026-03-10,,[29/10/25] [MDA] [F] [AUTO] [VENDAS] [LKL COMPRADORES] [VSL B] [TESTE DE BOTÃO] [3],0.0,0,0,0,0.0,0.0,1,1,0.0,0.0,0.0,0.0,0.0,,,,
2026-03-10,,[29/10/25] [MDA] [F] [AUTO] [VENDAS] [LKL COMPRADORES] [VSL B] [TESTE DE TICKET] [3],0.0,0,0,0,0.0,0.0,1,1,0.0,0.0,0.0,0.0,0.0,,,,
2026-03-10,,[30/07/25] [MDA] [F] [AUTO] [VENDAS] [F4] [ARENA 247] [MAX CONV],0.0,0,0,0,0.0,0.0,1,1,0.0,0.0,0.0,0.0,0.0,,,,
2026-03-10,,[30/07/25] [MDA] [Q] [AUTO] [VENDAS] [REMARKETING] [197],0.0,0,0,0,0.0,0.0,1,1,0.0,0.0,0.0,0.0,0.0,,,,
2026-03-10,,"[31/01/26] [LVC] [F] [AUTO] [VENDAS] [ADV+] [VSL B] [R$ 197,00] [5]",0.0,0,0,0,0.0,0.0,1,1,0.0,0.0,0.0,0.0,0.0,,,,
2026-03-10,,"[31/01/26] [MDA] [F] [AUTO] [VENDAS] [ADV+] [VSL C] [R$ 197,00] [5]",0.0,0,0,0,0.0,0.0,1,1,0.0,0.0,0.0,0.0,0.0,,,,
2026-03-10,,[BOF] CHECKOUT,0.0,0,0,0,0.0,0.0,1,1,0.0,0.0,0.0,0.0,0.0,,,,
2026-03-10,,[C01] ZONA DE FORMAÇÃO (COMPRA),0.0,0,0,0,0.0,0.0,1,1,0.0,0.0,0.0,0.0,0.0,,,,
2026-03-10,,[C01] ZONA DE FORMAÇÃO (COMPRA) — Cópia,0.0,0,0,0,0.0,0.0,1,1,0.0,0.0,0.0,0.0,0.0,,,,
2026-03-10,,[C02] ZONA DE FORMAÇÃO (COMPRA) — Cópia,0.0,0,0,0,0.0,0.0,1,1,0.0,0.0,0.0,0.0,0.0,,,,
2026-03-10,,[C02] ZONA DE FORMAÇÃO (COMPRA) — Cópia — Cópia,0.0,0,0,0,0.0,0.0,1,1,0.0,0.0,0.0,0.0,0.0,,,,
2026-03-10,,[C03] ZONA DE ESCALA CBO,0.0,0,0,0,0.0,0.0,1,1,0.0,0.0,0.0,0.0,0.0,,,,
2026-03-10,,[C03] ZONA DE FORMAÇÃO (COMPRA) — Cópia — Cópia,0.0,0,0,0,0.0,0.0,1,1,0.0,0.0,0.0,0.0,0.0,,,,
2026-03-10,,[C04] ZONA DE ESCALA CBO,0.0,0,0,0,0.0,0.0,1,1,0.0,0.0,0.0,0.0,0.0,,,,
2026-03-10,,[C04] ZONA DE ESCALA CBO — Cópia,0.0,0,0,0,0.0,0.0,1,1,0.0,0.0,0.0,0.0,0.0,,,,
2026-03-10,,[C04] ZONA DE ESCALA CBO — Cópia — Cópia,0.0,0,0,0,0.0,0.0,1,1,0.0,0.0,0.0,0.0,0.0,,,,
2026-03-10,,[C04] ZONA DE ESCALA CBO — Cópia — Cópia — Cópia,0.0,0,0,0,0.0,0.0,1,1,0.0,0.0,0.0,0.0,0.0,,,,
2026-03-10,,[C04] ZONA DE ESCALA CBO — Cópia — Cópia — Cópia — Cópia,0.0,0,0,0,0.0,0.0,1,1,0.0,0.0,0.0,0.0,0.0,,,,
2026-03-10,,[C04] ZONA DE ESCALA CBO — Cópia — Cópia — Cópia — Cópia — Cópia,0.0,0,0,0,0.0,0.0,1,1,0.0,0.0,0.0,0.0,0.0,,,,
2026-03-10,,[C04] ZONA DE ESCALA CBO — Cópia — Cópia — Cópia — Cópia — Cópia — Cópia,0.0,0,0,0,0.0,0.0,1,1,0.0,0.0,0.0,0.0,0.0,,,,
2026-03-10,,[C04] ZONA DE ESCALA CBO — Cópia — Cópia — Cópia — Cópia — Cópia — Cópia — Cópia,0.0,0,0,0,0.0,0.0,1,1,0.0,0.0,0.0,0.0,0.0,,,,
2026-03-10,,[C04] ZONA DE FORMAÇÃO (COMPRA),0.0,0,0,0,0.0,0.0,1,1,0.0,0.0,0.0,0.0,0.0,,,,
2026-03-10,,[CTEST] 21/09 (CBO) 1-1-3,0.0,0,0,0,0.0,0.0,1,1,0.0,0.0,0.0,0.0,0.0,,,,
2026-03-10,,[F1] - ASC [SCALING] - CAMPEÕES Campanha,0.0,0,0,0,0.0,0.0,1,1,0.0,0.0,0.0,0.0,0.0,,,,
2026-03-10,,[F1] - ESCALA- V50_2%_T197,0.0,0,0,0,0.0,0.0,1,1,0.0,0.0,0.0,0.0,0.0,,,,
2026-03-10,,[F1] - ESCALA- V50_T197,0.0,0,0,0,0.0,0.0,1,1,0.0,0.0,0.0,0.0,0.0,,,,
2026-03-10,,[F1] - ESCALA- V55_T197 —,0.0,0,0,0,0.0,0.0,1,1,0.0,0.0,0.0,0.0,0.0,,,,
2026-03-10,,[F2] - CLONES - V15_T247,0.0,0,0,0,0.0,0.0,1,1,0.0,0.0,0.0,0.0,0.0,,,,
2026-03-10,,[F2] - CLONES - V48_T197 >>>,0.0,0,0,0,0.0,0.0,1,1,0.0,0.0,0.0,0.0,0.0,,,,
2026-03-10,,[F2] - CLONES - V49_T197,0.0,0,0,0,0.0,0.0,1,1,0.0,0.0,0.0,0.0,0.0,,,,
2026-03-10,,[F2] - CLONES - V50_T197,0.0,0,0,0,0.0,0.0,1,1,0.0,0.0,0.0,0.0,0.0,,,,
2026-03-10,,[F2] - CLONES - V55_T197,0.0,0,0,0,0.0,0.0,1,1,0.0,0.0,0.0,0.0,0.0,,,,
2026-03-10,,[F2] - CLONES - V58_T197,0.0,0,0,0,0.0,0.0,1,1,0.0,0.0,0.0,0.0,0.0,,,,
2026-03-10,,[F2] - CLONES - V95_T197 >>>,0.0,0,0,0,0.0,0.0,1,1,0.0,0.0,0.0,0.0,0.0,,,,
2026-03-10,,[F3] (PTEST) 06/10 ABO,0.0,0,0,0,0.0,0.0,1,1,0.0,0.0,0.0,0.0,0.0,,,,
2026-03-10,,[F3] - ARENA 197,0.0,0,0,0,0.0,0.0,1,1,0.0,0.0,0.0,0.0,0.0,,,,
2026-03-10,,[F4] 1 (C04) 06/10 CBO 1-1-3= $96,0.0,0,0,0,0.0,0.0,1,1,0.0,0.0,0.0,0.0,0.0,,,,
2026-03-10,,[F4] 1 (C04) 06/10 CBO 1-1-3= $96 — Cópia,0.0,0,0,0,0.0,0.0,1,1,0.0,0.0,0.0,0.0,0.0,,,,
2026-03-10,,[F4] 2 (C04) 06/10 CBO 1-1-3= $96,0.0,0,0,0,0.0,0.0,1,1,0.0,0.0,0.0,0.0,0.0,,,,
2026-03-10,,[F4] 3 (C04) 06/10 CBO 1-1-3= $96 — Cópia,0.0,0,0,0,0.0,0.0,1,1,0.0,0.0,0.0,0.0,0.0,,,,
2026-03-10,,[MOF] VSL PAGE VIEW,0.0,0,0,0,0.0,0.0,1,1,0.0,0.0,0.0,0.0,0.0,,,,
2026-03-10,,[OO] VIDEO VIEW,0.0,0,0,0,0.0,0.0,1,1,0.0,0.0,0.0,0.0,0.0,,,,
2026-02-01,120237047550310163,"[18/11/25] [LVC] [F] [AUTO] [VENDAS] [ADV+] [VSL B] [R$ 197,00] [1]",12291.11,483219,4705,417986,82.0,0.0,19,1,0.9737,2.6124,25.4359,0.0,0.00017,,,671,12.2206
2026-02-01,120238621687030163,"[13/12/25] [MDA] [F] [AUTO] [VENDAS] [ADV+] [VSL C] [R$ 197,00] [1]",4227.48,71045,933,41851,20.0,0.0,14,1,1.3133,4.5311,59.5043,0.0,0.000282,,,87,22.9885
2026-02-01,120238623515480163,"[13/12/25] [MDA] [Q] [AUTO] [VENDAS] [REMARKETING] [VSL A] [R$ 197,00] [1]",2038.78,21684,337,10783,17.0,0.0,6,1,1.5541,6.0498,94.0223,0.0,0.000784,,,58,29.3103
2026-02-01,120238626928870163,"[13/12/25] [MDA] [Q] [AUTO] [VENDAS] [REMARKETING] [VSL C] [R$ 197,00] [1]",2577.78,26198,313,13755,21.0,0.0,8,1,1.1947,8.2357,98.3961,0.0,0.000802,,,69,30.4348
2026-02-01,120239176137660163,"[22/12/25] [LVC] [F] [AUTO] [VENDAS] [MIX PÚBLICOS] [VSL B] [R$ 197,00] [4]",3849.76,201258,1720,168194,25.0,0.0,4,1,0.8546,2.2382,19.1285,0.0,0.000124,,,299,8.3612
2026-02-01,120239177089580163,"[22/12/25] [MDA] [F] [AUTO] [VENDAS] [MIX PÚBLICOS] [VSL C] [R$ 197,00] [4]",2206.1099999999997,151314,623,46648,18.0,0.0,4,1,0.4117,3.5411,14.5797,0.0,0.000119,,,58,31.0345
2026-02-01,120239726037500163,"[06/01/26] [LVC] [F] [AUTO] [VENDAS] [LKL PQ 365D] [VSL B] [R$ 197,00] [5]",2180.38,105170,892,86952,18.0,0.0,3,1,0.8482,2.4444,20.732,0.0,0.000171,,,153,11.7647
2026-02-01,120240432066700163,"[24/01/25] [MDA] [Q] [AUTO] [VENDAS] [REMARKETING] [VSL C] [R$ 197,00] [5]",823.38,12363,107,3809,6.0,0.0,1,1,0.8655,7.6951,66.6003,0.0,0.000485,,,19,31.5789
2026-02-01,120240768050490163,"[31/01/26] [MDA] [F] [AUTO] [VENDAS] [ADV+] [VSL C] [R$ 197,00] [5]",1329.4499999999998,36454,340,30129,8.0,0.0,1,1,0.9327,3.9101,36.4692,0.0,0.000219,,,41,19.5122
2026-02-01,120240768872650163,"[31/01/26] [LVC] [F] [AUTO] [VENDAS] [ADV+] [VSL B] [R$ 197,00] [5]",1234.3600000000001,44564,437,39838,9.0,0.0,1,1,0.9806,2.8246,27.6986,0.0,0.000202,,,82,10.9756
2026-02-01,120241047703720163,"[06/02/26] [LVC] [F] [AUTO] [VENDAS] [ADV+] [VSL B] [R$ 197,00] [5]",535.56,11455,172,10495,4.0,0.0,1,1,1.5015,3.1137,46.7534,0.0,0.000349,,,25,16.0
2026-02-01,120241048735070163,"[06/02/26] [MDA] [F] [AUTO] [VENDAS] [ADV+] [VSL C] [R$ 197,00] [5]",582.93,16639,131,15721,1.0,0.0,1,1,0.7873,4.4498,35.034,0.0,6e-05,,,13,7.6923
2026-02-09,120237047550310163,"[18/11/25] [LVC] [F] [AUTO] [VENDAS] [ADV+] [VSL B] [R$ 197,00] [1]",11283.54,517900,4921,443840,87.0,0.0,24,1,0.9502,2.2929,21.7871,0.0,0.000168,,,711,12.2363
2026-02-09,120238621687030163,"[13/12/25] [MDA] [F] [AUTO] [VENDAS] [ADV+] [VSL C] [R$ 197,00] [1]",2953.75,43334,625,26016,15.0,0.0,12,1,1.4423,4.726,68.1624,0.0,0.000346,,,51,29.4118
2026-02-09,120238623515480163,"[13/12/25] [MDA] [Q] [AUTO] [VENDAS] [REMARKETING] [VSL A] [R$ 197,00] [1]",1703.88,16350,261,8659,17.0,0.0,5,1,1.5963,6.5283,104.2128,0.0,0.00104,,,59,28.8136
2026-02-09,120238626928870163,"[13/12/25] [MDA] [Q] [AUTO] [VENDAS] [REMARKETING] [VSL C] [R$ 197,00] [1]",2059.13,18608,268,10216,18.0,0.0,6,1,1.4402,7.6833,110.6583,0.0,0.000967,,,65,27.6923
2026-02-09,120239176137660163,"[22/12/25] [LVC] [F] [AUTO] [VENDAS] [MIX PÚBLICOS] [VSL B] [R$ 197,00] [4]",2289.3199999999997,145156,1241,121707,24.0,0.0,4,1,0.8549,1.8447,15.7714,0.0,0.000165,,,196,12.2449
2026-02-09,120239177089580163,"[22/12/25] [MDA] [F] [AUTO] [VENDAS] [MIX PÚBLICOS] [VSL C] [R$ 197,00] [4]",1716.0,119369,469,39783,13.0,0.0,2,1,0.3929,3.6588,14.3756,0.0,0.000109,,,61,21.3115
2026-02-09,120239726037500163,"[06/01/26] [LVC] [F] [AUTO] [VENDAS] [LKL PQ 365D] [VSL B] [R$ 197,00] [5]",1597.3100000000002,75101,720,64823,17.0,0.0,3,1,0.9587,2.2185,21.2688,0.0,0.000226,,,138,12.3188
2026-02-09,120240432066700163,"[24/01/25] [MDA] [Q] [AUTO] [VENDAS] [REMARKETING] [VSL C] [R$ 197,00] [5]",684.64,8225,91,2839,1.0,0.0,1,1,1.1064,7.5235,83.2389,0.0,0.000122,,,13,7.6923
2026-02-09,120240768050490163,"[31/01/26] [MDA] [F] [AUTO] [VENDAS] [ADV+] [VSL C] [R$ 197,00] [5]",1511.7,42925,412,33002,6.0,0.0,1,1,0.9598,3.6692,35.2172,0.0,0.00014,,,34,17.6471
2026-02-09,120240768872650163,"[31/01/26] [LVC] [F] [AUTO] [VENDAS] [ADV+] [VSL B] [R$ 197,00] [5]",1289.1699999999998,67254,597,59648,13.0,0.0,1,1,0.8877,2.1594,19.1687,0.0,0.000193,,,91,14.2857
2026-02-09,120241047703720163,"[06/02/26] [LVC] [F] [AUTO] [VENDAS] [ADV+] [VSL B] [R$ 197,00] [5]",1605.14,51791,638,46706,15.0,0.0,1,1,1.2319,2.5159,30.9926,0.0,0.00029,,,107,14.0187
2026-02-09,120241048735070163,"[06/02/26] [MDA] [F] [AUTO] [VENDAS] [ADV+] [VSL C] [R$ 197,00] [5]",844.59,32461,180,31437,4.0,0.0,1,1,0.5545,4.6922,26.0186,0.0,0.000123,,,21,19.0476
2026-02-16,120237047550310163,"[18/11/25] [LVC] [F] [AUTO] [VENDAS] [ADV+] [VSL B] [R$ 197,00] [1]",6980.69,336238,3135,300975,46.0,0.0,24,1,0.9324,2.2267,20.7612,0.0,0.000137,-38.13,-47.13,481,9.5634
2026-02-16,120238621687030163,"[13/12/25] [MDA] [F] [AUTO] [VENDAS] [ADV+] [VSL C] [R$ 197,00] [1]",2150.56,34147,501,19221,22.0,0.0,17,1,1.4672,4.2925,62.9795,0.0,0.000644,-27.19,46.67,66,33.3333
2026-02-16,120238623515480163,"[13/12/25] [MDA] [Q] [AUTO] [VENDAS] [REMARKETING] [VSL A] [R$ 197,00] [1]",1756.3200000000002,17557,272,9363,12.0,0.0,3,1,1.5492,6.4571,100.0353,0.0,0.000683,3.08,-29.41,59,20.339
2026-02-16,120238626928870163,"[13/12/25] [MDA] [Q] [AUTO] [VENDAS] [REMARKETING] [VSL C] [R$ 197,00] [1]",2080.19,21624,257,11356,14.0,0.0,4,1,1.1885,8.0941,96.1982,0.0,0.000647,1.02,-22.22,43,32.5581
2026-02-16,120239176137660163,"[22/12/25] [LVC] [F] [AUTO] [VENDAS] [MIX PÚBLICOS] [VSL B] [R$ 197,00] [4]",1297.5,87034,789,74256,16.0,0.0,4,1,0.9065,1.6445,14.908,0.0,0.000184,-43.32,-33.33,135,11.8519
2026-02-16,120239177089580163,"[22/12/25] [MDA] [F] [AUTO] [VENDAS] [MIX PÚBLICOS] [VSL C] [R$ 197,00] [4]",1743.77,120210,523,40806,16.0,0.0,2,1,0.4351,3.3342,14.506,0.0,0.000133,1.62,23.08,48,33.3333
2026-02-16,120239726037500163,"[06/01/26] [LVC] [F] [AUTO] [VENDAS] [LKL PQ 365D] [VSL B] [R$ 197,00] [5]",779.01,35369,406,30325,12.0,0.0,4,1,1.1479,1.9187,22.0252,0.0,0.000339,-51.23,-29.41,74,16.2162
2026-02-16,120240432066700163,"[24/01/25] [MDA] [Q] [AUTO] [VENDAS] [REMARKETING] [VSL C] [R$ 197,00] [5]",20.04,252,3,202,0.0,0.0,1,1,1.1905,6.68,79.5238,0.0,0.0,-97.07,-100.0,0,0.0
2026-02-16,120240768050490163,"[31/01/26] [MDA] [F] [AUTO] [VENDAS] [ADV+] [VSL C] [R$ 197,00] [5]",1741.25,59848,426,53910,10.0,0.0,1,1,0.7118,4.0874,29.0945,0.0,0.000167,15.18,66.67,53,18.8679
2026-02-16,120240768872650163,"[31/01/26] [LVC] [F] [AUTO] [VENDAS] [ADV+] [VSL B] [R$ 197,00] [5]",1203.19,61902,456,57706,7.0,0.0,1,1,0.7366,2.6386,19.437,0.0,0.000113,-6.67,-46.15,72,9.7222
2026-02-16,120241047703720163,"[06/02/26] [LVC] [F] [AUTO] [VENDAS] [ADV+] [VSL B] [R$ 197,00] [5]",1099.3100000000002,46186,554,43460,3.0,0.0,1,1,1.1995,1.9843,23.8018,0.0,6.5e-05,-31.51,-80.0,99,3.0303
2026-02-16,120241048735070163,"[06/02/26] [MDA] [F] [AUTO] [VENDAS] [ADV+] [VSL C] [R$ 197,00] [5]",0.0,0,0,0,0.0,0.0,1,1,0.0,0.0,0.0,0.0,0.0,-100.0,-100.0,0,0.0
2026-02-23,120237047550310163,"[18/11/25] [LVC] [F] [AUTO] [VENDAS] [ADV+] [VSL B] [R$ 197,00] [1]",0.0,0,0,0,0.0,0.0,20,1,0.0,0.0,0.0,0.0,0.0,-100.0,-100.0,0,0.0
2026-02-23,120238621687030163,"[13/12/25] [MDA] [F] [AUTO] [VENDAS] [ADV+] [VSL C] [R$ 197,00] [1]",4012.09,78726,981,51082,19.0,0.0,17,1,1.2461,4.0898,50.9627,0.0,0.000241,86.56,-13.64,88,21.5909
2026-02-23,120238623515480163,"[13/12/25] [MDA] [Q] [AUTO] [VENDAS] [REMARKETING] [VSL A] [R$ 197,00] [1]",1663.71,19799,244,10770,9.0,0.0,3,1,1.2324,6.8185,84.03,0.0,0.000455,-5.27,-25.0,39,23.0769
2026-02-23,120238626928870163,"[13/12/25] [MDA] [Q] [AUTO] [VENDAS] [REMARKETING] [VSL C] [R$ 197,00] [1]",1196.38,13556,161,7815,4.0,0.0,4,1,1.1877,7.4309,88.2546,0.0,0.000295,-42.49,-71.43,16,25.0
2026-02-23,120239176137660163,"[22/12/25] [LVC] [F] [AUTO] [VENDAS] [MIX PÚBLICOS] [VSL B] [R$ 197,00] [4]",0.0,0,0,0,1.0,0.0,3,1,0.0,0.0,0.0,0.0,0.0,-100.0,-93.75,3,33.3333
2026-02-23,120239177089580163,"[22/12/25] [MDA] [F] [AUTO] [VENDAS] [MIX PÚBLICOS] [VSL C] [R$ 197,00] [4]",1465.35,101917,522,40105,18.0,0.0,2,1,0.5122,2.8072,14.3779,0.0,0.000177,-15.97,12.5,49,36.7347
2026-02-23,120239726037500163,"[06/01/26] [LVC] [F] [AUTO] [VENDAS] [LKL PQ 365D] [VSL B] [R$ 197,00] [5]",0.0,0,0,0,0.0,0.0,3,1,0.0,0.0,0.0,0.0,0.0,-100.0,-100.0,1,0.0
2026-02-23,120240432066700163,"[24/01/25] [MDA] [Q] [AUTO] [VENDAS] [REMARKETING] [VSL C] [R$ 197,00] [5]",0.0,0,0,0,0.0,0.0,1,1,0.0,0.0,0.0,0.0,0.0,-100.0,,0,0.0
2026-02-23,120240768050490163,"[31/01/26] [MDA] [F] [AUTO] [VENDAS] [ADV+] [VSL C] [R$ 197,00] [5]",1355.51,33954,379,27514,5.0,0.0,1,1,1.1162,3.5765,39.922,0.0,0.000147,-22.15,-50.0,36,13.8889
2026-02-23,120240768872650163,"[31/01/26] [LVC] [F] [AUTO] [VENDAS] [ADV+] [VSL B] [R$ 197,00] [5]",0.0,0,0,0,0.0,0.0,1,1,0.0,0.0,0.0,0.0,0.0,-100.0,-100.0,0,0.0
2026-02-23,120241047703720163,"[06/02/26] [LVC] [F] [AUTO] [VENDAS] [ADV+] [VSL B] [R$ 197,00] [5]",0.0,0,0,0,0.0,0.0,1,1,0.0,0.0,0.0,0.0,0.0,-100.0,-100.0,0,0.0
2026-02-23,120241048735070163,"[06/02/26] [MDA] [F] [AUTO] [VENDAS] [ADV+] [VSL C] [R$ 197,00] [5]",0.0,0,0,0,0.0,0.0,1,1,0.0,0.0,0.0,0.0,0.0,,,0,0.0
2026-02-23,120241896593460163,"[24/02/26] [MDA] [F] [AUTO] [VENDAS] [ADV+] [VSL A] [R$ 197,00] [1]",2313.62,63396,781,50045,7.0,0.0,5,1,1.2319,2.9624,36.4947,0.0,0.00011,,,61,11.4754
2026-03-01,120237047550310163,"[18/11/25] [LVC] [F] [AUTO] [VENDAS] [ADV+] [VSL B] [R$ 197,00] [1]",0.0,0,0,0,0.0,0.0,17,1,0.0,0.0,0.0,0.0,0.0,,,0,0.0
2026-03-01,120238621687030163,"[13/12/25] [MDA] [F] [AUTO] [VENDAS] [ADV+] [VSL C] [R$ 197,00] [1]",3282.37,75406,887,43581,25.0,0.0,19,1,1.1763,3.7005,43.5293,0.0,0.000332,,,94,26.5957
2026-03-01,120238623515480163,"[13/12/25] [MDA] [Q] [AUTO] [VENDAS] [REMARKETING] [VSL A] [R$ 197,00] [1]",1809.1,21564,325,10006,17.0,0.0,3,1,1.5071,5.5665,83.8945,0.0,0.000788,,,63,26.9841
2026-03-01,120238626928870163,"[13/12/25] [MDA] [Q] [AUTO] [VENDAS] [REMARKETING] [VSL C] [R$ 197,00] [1]",1099.41,13602,171,6613,16.0,0.0,4,1,1.2572,6.4293,80.8271,0.0,0.001176,,,28,57.1429
2026-03-01,120239176137660163,"[22/12/25] [LVC] [F] [AUTO] [VENDAS] [MIX PÚBLICOS] [VSL B] [R$ 197,00] [4]",0.0,0,0,0,0.0,0.0,3,1,0.0,0.0,0.0,0.0,0.0,,,0,0.0
2026-03-01,120239177089580163,"[22/12/25] [MDA] [F] [AUTO] [VENDAS] [MIX PÚBLICOS] [VSL C] [R$ 197,00] [4]",3283.88,206607,1250,100661,28.0,0.0,2,1,0.605,2.6271,15.8943,0.0,0.000136,,,134,20.8955
2026-03-01,120239726037500163,"[06/01/26] [LVC] [F] [AUTO] [VENDAS] [LKL PQ 365D] [VSL B] [R$ 197,00] [5]",0.0,0,0,0,0.0,0.0,3,1,0.0,0.0,0.0,0.0,0.0,,,0,0.0
2026-03-01,120240432066700163,"[24/01/25] [MDA] [Q] [AUTO] [VENDAS] [REMARKETING] [VSL C] [R$ 197,00] [5]",0.0,0,0,0,0.0,0.0,1,1,0.0,0.0,0.0,0.0,0.0,,,0,0.0
2026-03-01,120240768050490163,"[31/01/26] [MDA] [F] [AUTO] [VENDAS] [ADV+] [VSL C] [R$ 197,00] [5]",0.0,0,0,0,0.0,0.0,1,1,0.0,0.0,0.0,0.0,0.0,,,0,0.0
2026-03-01,120240768872650163,"[31/01/26] [LVC] [F] [AUTO] [VENDAS] [ADV+] [VSL B] [R$ 197,00] [5]",0.0,0,0,0,0.0,0.0,1,1,0.0,0.0,0.0,0.0,0.0,,,0,0.0
2026-03-01,120241047703720163,"[06/02/26] [LVC] [F] [AUTO] [VENDAS] [ADV+] [VSL B] [R$ 197,00] [5]",0.0,0,0,0,0.0,0.0,1,1,0.0,0.0,0.0,0.0,0.0,,,0,0.0
2026-03-01,120241048735070163,"[06/02/26] [MDA] [F] [AUTO] [VENDAS] [ADV+] [VSL C] [R$ 197,00] [5]",0.0,0,0,0,0.0,0.0,1,1,0.0,0.0,0.0,0.0,0.0,,,0,0.0
2026-03-01,120241896593460163,"[24/02/26] [MDA] [F] [AUTO] [VENDAS] [ADV+] [VSL A] [R$ 197,00] [1]",1331.9,29423,359,20842,12.0,0.0,10,1,1.2201,3.71,45.2673,0.0,0.000408,,,67,17.9104
2026-03-01,120242432498070163,"[08/03/26] [MDA] [F] [AUTO] [VENDAS] [ADV+] [VSL A] [R$ 197,00] [CBO] [BC] [9]",0.0,0,0,0,0.0,0.0,1,1,0.0,0.0,0.0,0.0,0.0,,,0,0.0
2026-03-01,120242432690710163,"[08/03/26] [MDA] [F] [AUTO] [VENDAS] [ADV+] [VSL C] [R$ 197,00] [CBO] [AD150] [6]",0.0,0,0,0,0.0,0.0,3,1,0.0,0.0,0.0,0.0,0.0,,,0,0.0
2026-03-01,120242432712130163,"[08/03/26] [MDA] [Q] [AUTO] [VENDAS] [REMARKETING] [VSL C] [R$ 197,00] [CBO] [AD182] [6]",0.0,0,0,0,0.0,0.0,3,1,0.0,0.0,0.0,0.0,0.0,,,0,0.0
2026-03-01,120242432842200163,"[08/03/26] [MDA] [F] [AUTO] [VENDAS] [ADV+] [VSL C] [R$ 197,00] [CBO] [AD194] [6]",0.0,0,0,0,0.0,0.0,3,1,0.0,0.0,0.0,0.0,0.0,,,0,0.0
2026-03-09,120237047550310163,"[18/11/25] [LVC] [F] [AUTO] [VENDAS] [ADV+] [VSL B] [R$ 197,00] [1]",0.0,0,0,0,0.0,0.0,12,1,0.0,0.0,0.0,0.0,0.0,,,0,0.0
2026-03-09,120238621687030163,"[13/12/25] [MDA] [F] [AUTO] [VENDAS] [ADV+] [VSL C] [R$ 197,00] [1]",991.35,26299,284,22371,5.0,0.0,18,1,1.0799,3.4907,37.6953,0.0,0.00019,,,30,16.6667
2026-03-09,120238623515480163,"[13/12/25] [MDA] [Q] [AUTO] [VENDAS] [REMARKETING] [VSL A] [R$ 197,00] [1]",1240.38,17542,210,8260,8.0,0.0,3,1,1.1971,5.9066,70.7092,0.0,0.000456,,,33,24.2424
2026-03-09,120238626928870163,"[13/12/25] [MDA] [Q] [AUTO] [VENDAS] [REMARKETING] [VSL C] [R$ 197,00] [1]",1500.77,22727,255,9751,12.0,0.0,3,1,1.122,5.8854,66.0347,0.0,0.000528,,,50,24.0
2026-03-09,120239176137660163,"[22/12/25] [LVC] [F] [AUTO] [VENDAS] [MIX PÚBLICOS] [VSL B] [R$ 197,00] [4]",0.0,0,0,0,0.0,0.0,2,1,0.0,0.0,0.0,0.0,0.0,,,0,0.0
2026-03-09,120239177089580163,"[22/12/25] [MDA] [F] [AUTO] [VENDAS] [MIX PÚBLICOS] [VSL C] [R$ 197,00] [4]",645.86,43291,253,33023,3.0,0.0,1,1,0.5844,2.5528,14.919,0.0,6.9e-05,,,37,8.1081
2026-03-09,120239726037500163,"[06/01/26] [LVC] [F] [AUTO] [VENDAS] [LKL PQ 365D] [VSL B] [R$ 197,00] [5]",0.0,0,0,0,0.0,0.0,3,1,0.0,0.0,0.0,0.0,0.0,,,0,0.0
2026-03-09,120240432066700163,"[24/01/25] [MDA] [Q] [AUTO] [VENDAS] [REMARKETING] [VSL C] [R$ 197,00] [5]",0.0,0,0,0,0.0,0.0,1,1,0.0,0.0,0.0,0.0,0.0,,,0,0.0
2026-03-09,120240768050490163,"[31/01/26] [MDA] [F] [AUTO] [VENDAS] [ADV+] [VSL C] [R$ 197,00] [5]",0.0,0,0,0,0.0,0.0,1,1,0.0,0.0,0.0,0.0,0.0,,,0,0.0
2026-03-09,120240768872650163,"[31/01/26] [LVC] [F] [AUTO] [VENDAS] [ADV+] [VSL B] [R$ 197,00] [5]",0.0,0,0,0,0.0,0.0,1,1,0.0,0.0,0.0,0.0,0.0,,,0,0.0
2026-03-09,120241047703720163,"[06/02/26] [LVC] [F] [AUTO] [VENDAS] [ADV+] [VSL B] [R$ 197,00] [5]",0.0,0,0,0,0.0,0.0,1,1,0.0,0.0,0.0,0.0,0.0,,,0,0.0
2026-03-09,120241048735070163,"[06/02/26] [MDA] [F] [AUTO] [VENDAS] [ADV+] [VSL C] [R$ 197,00] [5]",0.0,0,0,0,0.0,0.0,1,1,0.0,0.0,0.0,0.0,0.0,,,0,0.0
2026-03-09,120241896593460163,"[24/02/26] [MDA] [F] [AUTO] [VENDAS] [ADV+] [VSL A] [R$ 197,00] [1]",3886.07,109190,975,75828,23.0,0.0,13,1,0.8929,3.9857,35.59,0.0,0.000211,,,122,18.8525
2026-03-09,120242432498070163,"[08/03/26] [MDA] [F] [AUTO] [VENDAS] [ADV+] [VSL A] [R$ 197,00] [CBO] [BC] [9]",0.97,24,0,23,0.0,0.0,1,1,0.0,0.0,40.4167,0.0,0.0,,,0,0.0
2026-03-09,120242432690710163,"[08/03/26] [MDA] [F] [AUTO] [VENDAS] [ADV+] [VSL C] [R$ 197,00] [CBO] [AD150] [6]",0.0,0,0,0,0.0,0.0,3,1,0.0,0.0,0.0,0.0,0.0,,,0,0.0
2026-03-09,120242432712130163,"[08/03/26] [MDA] [Q] [AUTO] [VENDAS] [REMARKETING] [VSL C] [R$ 197,00] [CBO] [AD182] [6]",185.1,2368,24,1989,0.0,0.0,3,1,1.0135,7.7125,78.1672,0.0,0.0,,,1,0.0
2026-03-09,120242432842200163,"[08/03/26] [MDA] [F] [AUTO] [VENDAS] [ADV+] [VSL C] [R$ 197,00] [CBO] [AD194] [6]",0.0,0,0,0,0.0,0.0,3,1,0.0,0.0,0.0,0.0,0.0,,,0,0.0
2026-03-09,120242524354600163,"[10/03/26] [MDA] [F] [AUTO] [VENDAS] [ADV+] [VSL A] [R$ 197,00] [CBO] [AD17] [6]",1575.3300000000002,41515,430,32772,4.0,0.0,3,1,1.0358,3.6636,37.946,0.0,9.6e-05,,,51,7.8431
2026-03-09,120242688392660163,"[12/03/26] [MDA] [F] [AUTO] [VENDAS] [ADV+] [VSL A] [R$ 197,00] [CBO] [ESCALA] [6]",1003.66,27184,290,22701,9.0,0.0,1,1,1.0668,3.4609,36.921,0.0,0.000331,,,33,27.2727
2026-03-09,120242688933280163,"[12/03/26] [MDA] [Q] [AUTO] [VENDAS] [REMARKETING] [VSL C] [R$ 197,00] [CBO] [ESCALA] [6]",802.71,32636,238,24852,4.0,0.0,1,1,0.7293,3.3727,24.5958,0.0,0.000123,,,23,17.3913
2026-03-16,120237047550310163,"[18/11/25] [LVC] [F] [AUTO] [VENDAS] [ADV+] [VSL B] [R$ 197,00] [1]",0.0,0,0,0,0.0,0.0,12,1,0.0,0.0,0.0,0.0,0.0,nan,nan,0,0.0
2026-03-16,120238621687030163,"[13/12/25] [MDA] [F] [AUTO] [VENDAS] [ADV+] [VSL C] [R$ 197,00] [1]",0.0,0,0,0,0.0,0.0,14,1,0.0,0.0,0.0,0.0,0.0,-100.0,-100.0,0,0.0
2026-03-16,120238623515480163,"[13/12/25] [MDA] [Q] [AUTO] [VENDAS] [REMARKETING] [VSL A] [R$ 197,00] [1]",361.83,4530,60,3166,1.0,0.0,3,1,1.3245,6.0305,79.8742,0.0,0.000221,-70.83,-87.5,5,20.0
2026-03-16,120238626928870163,"[13/12/25] [MDA] [Q] [AUTO] [VENDAS] [REMARKETING] [VSL C] [R$ 197,00] [1]",425.44,5558,74,3648,4.0,0.0,3,1,1.3314,5.7492,76.5455,0.0,0.00072,-71.65,-66.67,14,28.5714
2026-03-16,120239176137660163,"[22/12/25] [LVC] [F] [AUTO] [VENDAS] [MIX PÚBLICOS] [VSL B] [R$ 197,00] [4]",0.0,0,0,0,0.0,0.0,2,1,0.0,0.0,0.0,0.0,0.0,nan,nan,0,0.0
2026-03-16,120239177089580163,"[22/12/25] [MDA] [F] [AUTO] [VENDAS] [MIX PÚBLICOS] [VSL C] [R$ 197,00] [4]",0.0,0,0,0,0.0,0.0,1,1,0.0,0.0,0.0,0.0,0.0,-100.0,-100.0,0,0.0
2026-03-16,120239726037500163,"[06/01/26] [LVC] [F] [AUTO] [VENDAS] [LKL PQ 365D] [VSL B] [R$ 197,00] [5]",0.0,0,0,0,0.0,0.0,2,1,0.0,0.0,0.0,0.0,0.0,nan,nan,0,0.0
2026-03-16,120240432066700163,"[24/01/25] [MDA] [Q] [AUTO] [VENDAS] [REMARKETING] [VSL C] [R$ 197,00] [5]",0.0,0,0,0,0.0,0.0,1,1,0.0,0.0,0.0,0.0,0.0,nan,nan,0,0.0
2026-03-16,120240768050490163,"[31/01/26] [MDA] [F] [AUTO] [VENDAS] [ADV+] [VSL C] [R$ 197,00] [5]",0.0,0,0,0,0.0,0.0,1,1,0.0,0.0,0.0,0.0,0.0,nan,nan,0,0.0
2026-03-16,120240768872650163,"[31/01/26] [LVC] [F] [AUTO] [VENDAS] [ADV+] [VSL B] [R$ 197,00] [5]",0.0,0,0,0,0.0,0.0,1,1,0.0,0.0,0.0,0.0,0.0,nan,nan,0,0.0
2026-03-16,120241047703720163,"[06/02/26] [LVC] [F] [AUTO] [VENDAS] [ADV+] [VSL B] [R$ 197,00] [5]",0.0,0,0,0,0.0,0.0,1,1,0.0,0.0,0.0,0.0,0.0,nan,nan,0,0.0
2026-03-16,120241896593460163,"[24/02/26] [MDA] [F] [AUTO] [VENDAS] [ADV+] [VSL A] [R$ 197,00] [1]",2044.27,62496,608,53660,7.0,0.0,23,1,0.9729,3.3623,32.7104,0.0,0.000112,-47.39,-69.57,59,11.8644
2026-03-16,120242432498070163,"[08/03/26] [MDA] [F] [AUTO] [VENDAS] [ADV+] [VSL A] [R$ 197,00] [CBO] [BC] [9]",0.0,0,0,0,0.0,0.0,1,1,0.0,0.0,0.0,0.0,0.0,-100.0,nan,0,0.0
2026-03-16,120242432690710163,"[08/03/26] [MDA] [F] [AUTO] [VENDAS] [ADV+] [VSL C] [R$ 197,00] [CBO] [AD150] [6]",0.0,0,0,0,0.0,0.0,3,1,0.0,0.0,0.0,0.0,0.0,nan,nan,0,0.0
2026-03-16,120242432712130163,"[08/03/26] [MDA] [Q] [AUTO] [VENDAS] [REMARKETING] [VSL C] [R$ 197,00] [CBO] [AD182] [6]",0.0,0,0,0,0.0,0.0,3,1,0.0,0.0,0.0,0.0,0.0,-100.0,nan,0,0.0
2026-03-16,120242432842200163,"[08/03/26] [MDA] [F] [AUTO] [VENDAS] [ADV+] [VSL C] [R$ 197,00] [CBO] [AD194] [6]",0.0,0,0,0,0.0,0.0,3,1,0.0,0.0,0.0,0.0,0.0,nan,nan,0,0.0
2026-03-16,120242524354600163,"[10/03/26] [MDA] [F] [AUTO] [VENDAS] [ADV+] [VSL A] [R$ 197,00] [CBO] [AD17] [6]",190.66,4845,49,4642,1.0,0.0,3,1,1.0114,3.891,39.3519,0.0,0.000206,-87.9,-75.0,9,11.1111
2026-03-16,120242688392660163,"[12/03/26] [MDA] [F] [AUTO] [VENDAS] [ADV+] [VSL A] [R$ 197,00] [CBO] [ESCALA] [6]",1111.5,38216,339,32972,3.0,0.0,1,1,0.8871,3.2788,29.0847,0.0,7.9e-05,10.74,-66.67,36,8.3333
2026-03-16,120242688933280163,"[12/03/26] [MDA] [Q] [AUTO] [VENDAS] [REMARKETING] [VSL C] [R$ 197,00] [CBO] [ESCALA] [6]",595.38,22123,172,18056,5.0,0.0,1,1,0.7775,3.4615,26.9123,0.0,0.000226,-25.83,25.0,18,27.7778
2026-03-16,120242849284200163,"[16/03/26] [MDA] [F] [AUTO] [VENDAS] [ADV+] [VSL A] [R$ 197,00] [CBO] [ESCALA] [F2] [6]",129.17000000000002,3722,28,3351,0.0,0.0,1,1,0.7523,4.6132,34.7045,0.0,0.0,nan,nan,2,0.0
